市場コード,魚種コード,出荷形態コード,漁業種コード,トン数階層コード,県内県外区分,年月日,日別水揚量(キロ),日別水揚金額(円),水場隻数,日別高値(円),日別安値(円),平均単価(円),市場魚種コード,市場漁業種コード
閖上,ヒラメ累計,生鮮,小型底曳網・桁あみ,動力船３トン以上５トン未満,0,2013/05/17,0.7,140,1,200,200,200,,
閖上,アカガイ,生鮮,小型底曳網・桁あみ,動力船３トン以上５トン未満,0,2013/06/13,45.6,94390,10,2619,1800,2070,,
閖上,アカガイ,生鮮,小型底曳網・桁あみ,動力船３トン以上５トン未満,0,2013/06/13,475.9,782567,10,2539,1300,1644.4,,
閖上,アカガイ,生鮮,小型底曳網・桁あみ,動力船３トン以上５トン未満,0,2013/06/13,234.8,270329,10,1360,800,1151.3,,
閖上,アカガイ,生鮮,小型底曳網・桁あみ,動力船３トン以上５トン未満,0,2013/06/13,44.8,31525,9,750,700,703.7,,
閖上,アカシタビラメ,生鮮,定置網・ます網つぼ網(小型定置),動力船３トン以上５トン未満,0,2013/06/17,1.4,252,1,180,180,180,,
閖上,アカシタビラメ,生鮮,小型底曳網・桁あみ,動力船３トン以上５トン未満,0,2013/06/17,85.7,13785,8,200,150,160.9,,
閖上,アカガイ,生鮮,定置網・ます網つぼ網(小型定置),動力船３トン以上５トン未満,0,2013/06/17,0.6,1730,1,2939,2769,2883.3,,
閖上,アカガイ,生鮮,小型底曳網・桁あみ,動力船３トン以上５トン未満,0,2013/06/17,23.9,62408,6,2939,2100,2611.2,,
閖上,アカガイ,生鮮,定置網・ます網つぼ網(小型定置),動力船３トン以上５トン未満,0,2013/06/17,49.6,90227,1,2689,1679,1819.1,,
閖上,アカガイ,生鮮,小型底曳網・桁あみ,動力船３トン以上５トン未満,0,2013/06/17,826.7,1417133,10,3100,1500,1714.2,,
閖上,アカガイ,生鮮,定置網・ます網つぼ網(小型定置),動力船３トン以上５トン未満,0,2013/06/17,15.3,20160,1,1390,980,1317.6,,
閖上,アカガイ,生鮮,小型底曳網・桁あみ,動力船３トン以上５トン未満,0,2013/06/17,572.3,697767,10,1390,850,1219.2,,
閖上,アカガイ,生鮮,小型底曳網・桁あみ,動力船３トン以上５トン未満,0,2013/06/17,92.2,65128,9,751,700,706.4,,
閖上,コタマガイ,生鮮,小型底曳網・桁あみ,動力船３トン以上５トン未満,0,2013/06/17,161,51733,4,336,319,321.3,,
閖上,アカシタビラメ,生鮮,小型底曳網・桁あみ,動力船３トン以上５トン未満,0,2013/06/13,41.6,7470,9,200,150,179.6,,
閖上,コタマガイ,生鮮,小型底曳網・桁あみ,動力船３トン以上５トン未満,0,2013/04/17,93,47523,2,511,511,511,,
閖上,アカシタビラメ,生鮮,小型底曳網・桁あみ,動力船３トン以上５トン未満,0,2013/04/18,52.4,19604,6,389,350,374.1,,
閖上,アカガイ,生鮮,小型底曳網・桁あみ,動力船３トン以上５トン未満,0,2013/04/18,7.9,23434,8,3000,2789,2966.3,,
閖上,アカガイ,生鮮,小型底曳網・桁あみ,動力船３トン以上５トン未満,0,2013/04/18,301.1,554233,8,2955,1489,1840.7,,
閖上,アカガイ,生鮮,小型底曳網・桁あみ,動力船３トン以上５トン未満,0,2013/04/18,194.1,275696,8,1539,800,1420.4,,
閖上,アカガイ,生鮮,小型底曳網・桁あみ,動力船３トン以上５トン未満,0,2013/04/18,34.5,37950,6,1100,1100,1100,,
閖上,アカシタビラメ,生鮮,小型底曳網・桁あみ,動力船３トン以上５トン未満,0,2013/04/10,24.3,5346,3,220,220,220,,
閖上,アカガイ,生鮮,小型底曳網・桁あみ,動力船３トン以上５トン未満,0,2013/04/10,6.2,24710,3,4401,2639,3985.5,,
閖上,アカガイ,生鮮,小型底曳網・桁あみ,動力船３トン以上５トン未満,0,2013/04/10,151.1,438244,4,4371,2071,2900.4,,
閖上,アカガイ,生鮮,小型底曳網・桁あみ,動力船３トン以上５トン未満,0,2013/04/10,91.8,152527,4,1811,1201,1661.5,,
閖上,アカガイ,生鮮,小型底曳網・桁あみ,動力船３トン以上５トン未満,0,2013/04/10,28.2,32866,3,1201,700,1165.5,,
閖上,その他の巻き貝,生鮮,小型底曳網・桁あみ,動力船３トン以上５トン未満,0,2013/04/10,44.4,14455,3,348,321,325.6,,
閖上,コタマガイ,生鮮,小型底曳網・桁あみ,動力船３トン以上５トン未満,0,2013/04/10,90,45990,2,511,511,511,,
閖上,アカシタビラメ,生鮮,小型底曳網・桁あみ,動力船３トン以上５トン未満,0,2013/04/11,36.8,11744,5,380,220,319.1,,
閖上,アカガイ,生鮮,小型底曳網・桁あみ,動力船３トン以上５トン未満,0,2013/04/11,24.2,99992,6,4469,2269,4131.9,,
閖上,アカガイ,生鮮,小型底曳網・桁あみ,動力船３トン以上５トン未満,0,2013/04/11,194.9,570907,6,4381,2289,2929.2,,
閖上,アカガイ,生鮮,小型底曳網・桁あみ,動力船３トン以上５トン未満,0,2013/04/11,118.5,197940,6,1869,1300,1670.4,,
閖上,アカガイ,生鮮,小型底曳網・桁あみ,動力船３トン以上５トン未満,0,2013/04/11,27.2,33021,5,1230,1200,1214,,
閖上,その他の巻き貝,生鮮,小型底曳網・桁あみ,動力船３トン以上５トン未満,0,2013/04/11,102.1,31166,6,330,300,305.2,,
閖上,コタマガイ,生鮮,小型底曳網・桁あみ,動力船３トン以上５トン未満,0,2013/04/11,104,54496,2,524,524,524,,
閖上,アカシタビラメ,生鮮,小型底曳網・桁あみ,動力船３トン以上５トン未満,0,2013/04/12,57.5,20530,5,380,350,357,,
閖上,アカガイ,生鮮,小型底曳網・桁あみ,動力船３トン以上５トン未満,0,2013/04/12,20.7,81811,5,4400,2001,3952.2,,
閖上,アカガイ,生鮮,小型底曳網・桁あみ,動力船３トン以上５トン未満,0,2013/04/12,248.4,613630,6,3669,2119,2470.3,,
閖上,アカガイ,生鮮,小型底曳網・桁あみ,動力船３トン以上５トン未満,0,2013/04/12,155.9,254161,6,1800,1300,1630.3,,
閖上,アカガイ,生鮮,小型底曳網・桁あみ,動力船３トン以上５トン未満,0,2013/04/12,25.6,29058,5,1200,1113,1135.1,,
閖上,その他の巻き貝,生鮮,小型底曳網・桁あみ,動力船３トン以上５トン未満,0,2013/04/12,48,14400,2,300,300,300,,
閖上,コタマガイ,生鮮,小型底曳網・桁あみ,動力船３トン以上５トン未満,0,2013/04/12,188,66928,3,356,356,356,,
閖上,ヌマガレイ(カワガレイ),生鮮,小型底曳網・桁あみ,動力船３トン以上５トン未満,0,2013/04/15,3,660,1,220,220,220,,
閖上,アカシタビラメ,生鮮,小型底曳網・桁あみ,動力船３トン以上５トン未満,0,2013/04/15,170,46565,6,350,220,273.9,,
閖上,アカガイ,生鮮,小型底曳網・桁あみ,動力船３トン以上５トン未満,0,2013/04/15,37.9,130211,8,3800,1000,3435.6,,
閖上,アカガイ,生鮮,小型底曳網・桁あみ,動力船３トン以上５トン未満,0,2013/04/15,690.4,1492276,8,3531,1739,2161.5,,
閖上,アカガイ,生鮮,小型底曳網・桁あみ,動力船３トン以上５トン未満,0,2013/04/15,378.1,562507,8,1611,1000,1487.7,,
閖上,アカガイ,生鮮,小型底曳網・桁あみ,動力船３トン以上５トン未満,0,2013/04/15,42.6,47980,5,1151,1100,1126.3,,
閖上,コタマガイ,生鮮,小型底曳網・桁あみ,動力船３トン以上５トン未満,0,2013/04/15,138,56166,2,407,407,407,,
閖上,ひらめ,生鮮,小型底曳網・桁あみ,動力船３トン以上５トン未満,0,2013/04/15,7.1,7810,2,1100,1100,1100,,
閖上,アカシタビラメ,生鮮,小型底曳網・桁あみ,動力船３トン以上５トン未満,0,2013/04/16,56.1,18513,6,330,330,330,,
閖上,アカガイ,生鮮,小型底曳網・桁あみ,動力船３トン以上５トン未満,0,2013/04/16,17.5,57201,6,3300,2993,3268.6,,
閖上,アカガイ,生鮮,小型底曳網・桁あみ,動力船３トン以上５トン未満,0,2013/04/16,284.1,537617,7,2996,1489,1892.4,,
閖上,アカガイ,生鮮,小型底曳網・桁あみ,動力船３トン以上５トン未満,0,2013/04/16,300.6,421080,7,1666,1200,1400.8,,
閖上,アカガイ,生鮮,小型底曳網・桁あみ,動力船３トン以上５トン未満,0,2013/04/16,39,42023,5,1100,1055,1077.5,,
閖上,コタマガイ,生鮮,小型底曳網・桁あみ,動力船３トン以上５トン未満,0,2013/04/16,53,25069,2,473,473,473,,
閖上,アカシタビラメ,生鮮,小型底曳網・桁あみ,動力船３トン以上５トン未満,0,2013/04/17,40.8,14068,6,351,330,344.8,,
閖上,アカガイ,生鮮,小型底曳網・桁あみ,動力船３トン以上５トン未満,0,2013/04/17,5.5,16005,6,3089,2231,2910,,
閖上,アカガイ,生鮮,小型底曳網・桁あみ,動力船３トン以上５トン未満,0,2013/04/17,240.2,436486,8,3084,1593,1817.2,,
閖上,アカガイ,生鮮,小型底曳網・桁あみ,動力船３トン以上５トン未満,0,2013/04/17,264.6,366538,8,1511,1200,1385.3,,
閖上,アカガイ,生鮮,小型底曳網・桁あみ,動力船３トン以上５トン未満,0,2013/04/17,27.5,30266,4,1200,1000,1100.6,,
閖上,アカシタビラメ,生鮮,小型底曳網・桁あみ,動力船３トン以上５トン未満,0,2013/04/23,90.4,27584,7,380,263,305.1,,
閖上,アカガイ,生鮮,小型底曳網・桁あみ,動力船３トン以上５トン未満,0,2013/04/23,72.2,249589,9,4000,2100,3456.9,,
閖上,アカガイ,生鮮,小型底曳網・桁あみ,動力船３トン以上５トン未満,0,2013/04/23,227.7,566904,9,3189,1871,2489.7,,
閖上,アカガイ,生鮮,小型底曳網・桁あみ,動力船３トン以上５トン未満,0,2013/04/23,143.8,195860,9,1700,700,1362,,
閖上,アカガイ,生鮮,小型底曳網・桁あみ,動力船３トン以上５トン未満,0,2013/04/23,28.5,30550,6,1100,900,1071.9,,
閖上,コタマガイ,生鮮,小型底曳網・桁あみ,動力船３トン以上５トン未満,0,2013/04/23,445,148635,2,633,250,334,,
閖上,アカシタビラメ,生鮮,小型底曳網・桁あみ,動力船３トン以上５トン未満,0,2013/04/25,68.8,22571,7,389,260,328.1,,
閖上,アカガイ,生鮮,小型底曳網・桁あみ,動力船３トン以上５トン未満,0,2013/04/25,70.9,193909,9,3200,1501,2735,,
閖上,アカガイ,生鮮,小型底曳網・桁あみ,動力船３トン以上５トン未満,0,2013/04/25,270.9,608561,9,2631,1639,2246.4,,
閖上,アカガイ,生鮮,小型底曳網・桁あみ,動力船３トン以上５トン未満,0,2013/04/25,135.9,181412,9,1689,1000,1334.9,,
閖上,アカガイ,生鮮,小型底曳網・桁あみ,動力船３トン以上５トン未満,0,2013/04/25,39.3,35580,7,1100,701,905.3,,
閖上,アカシタビラメ,生鮮,小型底曳網・桁あみ,動力船３トン以上５トン未満,0,2013/04/26,46.2,17724,7,389,380,383.6,,
閖上,アカガイ,生鮮,小型底曳網・桁あみ,動力船３トン以上５トン未満,0,2013/04/26,102.5,201648,10,2500,1601,1967.3,,
閖上,アカガイ,生鮮,小型底曳網・桁あみ,動力船３トン以上５トン未満,0,2013/04/26,466.9,863786,10,2300,1689,1850,,
閖上,アカガイ,生鮮,小型底曳網・桁あみ,動力船３トン以上５トン未満,0,2013/04/26,102.4,141947,10,1701,1100,1386.2,,
閖上,アカガイ,生鮮,小型底曳網・桁あみ,動力船３トン以上５トン未満,0,2013/04/26,53.3,45459,7,901,600,852.9,,
閖上,その他の巻き貝,生鮮,小型底曳網・桁あみ,動力船３トン以上５トン未満,0,2013/04/26,13.5,5535,4,410,410,410,,
閖上,アカシタビラメ,生鮮,小型底曳網・桁あみ,動力船３トン以上５トン未満,0,2013/04/30,29.3,10227,7,380,280,349,,
閖上,アカガイ,生鮮,小型底曳網・桁あみ,動力船３トン以上５トン未満,0,2013/04/30,100.7,168238,10,1750,1503,1670.7,,
閖上,アカガイ,生鮮,小型底曳網・桁あみ,動力船３トン以上５トン未満,0,2013/04/30,420.7,723565,10,2001,1639,1719.9,,
閖上,アカガイ,生鮮,小型底曳網・桁あみ,動力船３トン以上５トン未満,0,2013/04/30,76.2,110165,10,1841,1100,1445.7,,
閖上,アカガイ,生鮮,小型底曳網・桁あみ,動力船３トン以上５トン未満,0,2013/04/19,23.4,70512,4,3329,3000,3013.3,,
閖上,アカガイ,生鮮,小型底曳網・桁あみ,動力船３トン以上５トン未満,0,2013/04/19,170.8,337556,5,3329,1600,1976.3,,
閖上,アカガイ,生鮮,小型底曳網・桁あみ,動力船３トン以上５トン未満,0,2013/04/19,74.3,114423,5,1731,1200,1540,,
閖上,アカガイ,生鮮,小型底曳網・桁あみ,動力船３トン以上５トン未満,0,2013/04/19,17,18100,4,1100,1000,1064.7,,
閖上,コタマガイ,生鮮,小型底曳網・桁あみ,動力船３トン以上５トン未満,0,2013/04/19,110,58410,1,531,531,531,,
閖上,マコガレイ,生鮮,小型底曳網・桁あみ,動力船３トン以上５トン未満,0,2013/04/22,1.3,325,1,250,250,250,,
閖上,アカシタビラメ,生鮮,小型底曳網・桁あみ,動力船３トン以上５トン未満,0,2013/04/22,36.3,13790,6,389,350,379.9,,
閖上,アカガイ,生鮮,小型底曳網・桁あみ,動力船３トン以上５トン未満,0,2013/04/22,22.8,82975,8,4310,2689,3639.3,,
閖上,アカガイ,生鮮,小型底曳網・桁あみ,動力船３トン以上５トン未満,0,2013/04/22,193,529599,8,4010,1939,2744,,
閖上,アカガイ,生鮮,小型底曳網・桁あみ,動力船３トン以上５トン未満,0,2013/04/22,108.9,170429,8,2000,980,1565,,
閖上,アカガイ,生鮮,小型底曳網・桁あみ,動力船３トン以上５トン未満,0,2013/04/22,14.5,14153,4,1000,969,976.1,,
閖上,アカガイ,生鮮,小型底曳網・桁あみ,動力船３トン以上５トン未満,0,2013/04/30,34.8,30781,6,931,781,884.5,,
閖上,その他の巻き貝,生鮮,小型底曳網・桁あみ,動力船３トン以上５トン未満,0,2013/04/30,19.5,6825,4,350,350,350,,
閖上,コタマガイ,生鮮,小型底曳網・桁あみ,動力船３トン以上５トン未満,0,2013/04/30,100,71100,2,711,711,711,,
閖上,アカシタビラメ,生鮮,小型底曳網・桁あみ,動力船３トン以上５トン未満,0,2013/05/01,10.7,3563,5,389,280,333,,
閖上,アカガイ,生鮮,小型底曳網・桁あみ,動力船３トン以上５トン未満,0,2013/05/01,108.7,184849,8,1789,1600,1700.5,,
閖上,アカガイ,生鮮,小型底曳網・桁あみ,動力船３トン以上５トン未満,0,2013/05/01,296.7,569264,9,2331,1650,1918.7,,
閖上,アカガイ,生鮮,小型底曳網・桁あみ,動力船３トン以上５トン未満,0,2013/05/01,34,55167,9,2500,1200,1622.6,,
閖上,アカガイ,生鮮,小型底曳網・桁あみ,動力船３トン以上５トン未満,0,2013/05/01,38.1,34435,6,931,600,903.8,,
閖上,その他の巻き貝,生鮮,小型底曳網・桁あみ,動力船３トン以上５トン未満,0,2013/05/01,27.1,10308,6,389,350,380.4,,
閖上,コタマガイ,生鮮,小型底曳網・桁あみ,動力船３トン以上５トン未満,0,2013/05/01,119,105839,2,931,821,889.4,,
閖上,マコガレイ,生鮮,小型底曳網・桁あみ,動力船３トン以上５トン未満,0,2013/05/07,7,1696,2,251,200,242.3,,
閖上,アカシタビラメ,生鮮,小型底曳網・桁あみ,動力船３トン以上５トン未満,0,2013/05/07,7.1,1853,4,261,261,261,,
閖上,アカガイ,生鮮,小型底曳網・桁あみ,動力船３トン以上５トン未満,0,2013/05/07,92.5,192295,10,2669,1650,2078.9,,
閖上,アカガイ,生鮮,小型底曳網・桁あみ,動力船３トン以上５トン未満,0,2013/05/07,348.5,780286,10,2669,1859,2239,,
閖上,アカガイ,生鮮,小型底曳網・桁あみ,動力船３トン以上５トン未満,0,2013/05/07,31.7,53083,10,1851,1529,1674.5,,
閖上,アカガイ,生鮮,小型底曳網・桁あみ,動力船３トン以上５トン未満,0,2013/05/07,58.9,48432,9,900,610,822.3,,
閖上,その他の巻き貝,生鮮,小型底曳網・桁あみ,動力船３トン以上５トン未満,0,2013/05/07,44.1,16498,9,421,361,374.1,,
閖上,コタマガイ,生鮮,小型底曳網・桁あみ,動力船３トン以上５トン未満,0,2013/05/07,106,91796,2,866,866,866,,
閖上,マコガレイ,生鮮,小型底曳網・桁あみ,動力船３トン以上５トン未満,0,2013/05/08,3.6,720,1,200,200,200,,
閖上,アカシタビラメ,生鮮,小型底曳網・桁あみ,動力船３トン以上５トン未満,0,2013/05/08,86.9,30470,9,401,250,350.6,,
閖上,アカガイ,生鮮,小型底曳網・桁あみ,動力船３トン以上５トン未満,0,2013/05/08,99.2,214526,10,2300,1800,2162.6,,
閖上,アカガイ,生鮮,小型底曳網・桁あみ,動力船３トン以上５トン未満,0,2013/05/08,587.3,1126628,10,2300,1639,1918.3,,
閖上,アカガイ,生鮮,小型底曳網・桁あみ,動力船３トン以上５トン未満,0,2013/05/08,234.6,356125,10,2000,1201,1518,,
閖上,アカガイ,生鮮,小型底曳網・桁あみ,動力船３トン以上５トン未満,0,2013/05/08,49.9,39780,8,829,615,797.2,,
閖上,コタマガイ,生鮮,小型底曳網・桁あみ,動力船３トン以上５トン未満,0,2013/05/08,21,12810,1,610,610,610,,
閖上,ひらめ,生鮮,小型底曳網・桁あみ,動力船３トン以上５トン未満,0,2013/05/08,3,3000,1,1000,1000,1000,,
閖上,アカシタビラメ,生鮮,小型底曳網・桁あみ,動力船３トン以上５トン未満,0,2013/04/19,26.4,9900,3,380,350,375,,
閖上,アカガイ,生鮮,小型底曳網・桁あみ,動力船３トン以上５トン未満,0,2013/03/21,187.2,260785,5,1509,1000,1393.1,,
閖上,アカガイ,生鮮,小型底曳網・桁あみ,動力船３トン以上５トン未満,0,2013/03/21,51.6,52896,4,1119,731,1025.1,,
閖上,その他の巻き貝,生鮮,小型底曳網・桁あみ,動力船３トン以上５トン未満,0,2013/03/21,22.5,7042,4,351,220,313,,
閖上,コチ,生鮮,小型底曳網・桁あみ,動力船３トン以上５トン未満,0,2013/03/21,1.7,374,1,220,220,220,,
閖上,アカシタビラメ,生鮮,小型底曳網・桁あみ,動力船３トン以上５トン未満,0,2013/03/22,1.5,330,1,220,220,220,,
閖上,アカガイ,生鮮,小型底曳網・桁あみ,動力船３トン以上５トン未満,0,2013/03/22,53.1,158328,3,4229,2700,2981.7,,
閖上,アカガイ,生鮮,小型底曳網・桁あみ,動力船３トン以上５トン未満,0,2013/03/22,233.8,491867,5,4229,1500,2103.8,,
閖上,アカガイ,生鮮,小型底曳網・桁あみ,動力船３トン以上５トン未満,0,2013/03/22,121.8,193522,5,1869,1100,1588.9,,
閖上,アカガイ,生鮮,小型底曳網・桁あみ,動力船３トン以上５トン未満,0,2013/03/22,48.2,50900,4,1201,800,1056,,
閖上,その他の巻き貝,生鮮,小型底曳網・桁あみ,動力船３トン以上５トン未満,0,2013/03/22,1.5,525,1,350,350,350,,
閖上,コタマガイ,生鮮,小型底曳網・桁あみ,動力船３トン以上５トン未満,0,2013/03/22,64,20544,2,321,321,321,,
閖上,アカシタビラメ,生鮮,小型底曳網・桁あみ,動力船３トン以上５トン未満,0,2013/03/25,6.8,1610,2,250,200,236.8,,
閖上,アカガイ,生鮮,小型底曳網・桁あみ,動力船３トン以上５トン未満,0,2013/03/25,70.8,207845,6,4302,2500,2935.7,,
閖上,アカガイ,生鮮,小型底曳網・桁あみ,動力船３トン以上５トン未満,0,2013/03/25,588.4,1114587,6,4331,1500,1894.3,,
閖上,アカガイ,生鮮,小型底曳網・桁あみ,動力船３トン以上５トン未満,0,2013/03/25,246.7,355387,6,1541,1189,1440.6,,
閖上,アカガイ,生鮮,小型底曳網・桁あみ,動力船３トン以上５トン未満,0,2013/03/25,98.5,92892,5,1200,650,943.1,,
閖上,コタマガイ,生鮮,小型底曳網・桁あみ,動力船３トン以上５トン未満,0,2013/03/25,48,15888,1,331,331,331,,
閖上,コチ,生鮮,小型底曳網・桁あみ,動力船３トン以上５トン未満,0,2013/03/25,1.4,308,1,220,220,220,,
閖上,アカシタビラメ,生鮮,小型底曳網・桁あみ,動力船３トン以上５トン未満,0,2013/03/27,5.4,1080,3,200,200,200,,
閖上,アカガイ,生鮮,小型底曳網・桁あみ,動力船３トン以上５トン未満,0,2013/03/27,57.5,154476,6,4331,2300,2686.5,,
閖上,アカガイ,生鮮,小型底曳網・桁あみ,動力船３トン以上５トン未満,0,2013/03/27,436.2,742864,6,3789,1389,1703,,
閖上,アカガイ,生鮮,小型底曳網・桁あみ,動力船３トン以上５トン未満,0,2013/03/27,169.6,213250,6,1300,961,1257.4,,
閖上,アカガイ,生鮮,小型底曳網・桁あみ,動力船３トン以上５トン未満,0,2013/03/27,85.9,67341,5,831,610,783.9,,
閖上,その他の巻き貝,生鮮,小型底曳網・桁あみ,動力船３トン以上５トン未満,0,2013/03/27,1.5,510,1,340,340,340,,
閖上,コタマガイ,生鮮,小型底曳網・桁あみ,動力船３トン以上５トン未満,0,2013/03/27,77,25872,2,336,336,336,,
閖上,アカシタビラメ,生鮮,小型底曳網・桁あみ,動力船３トン以上５トン未満,0,2013/03/28,2.5,500,2,200,200,200,,
閖上,アカガイ,生鮮,小型底曳網・桁あみ,動力船３トン以上５トン未満,0,2013/03/28,11.1,42263,5,3939,3669,3807.5,,
閖上,アカガイ,生鮮,小型底曳網・桁あみ,動力船３トン以上５トン未満,0,2013/03/28,390.6,662925,6,3819,1289,1697.2,,
閖上,アカガイ,生鮮,小型底曳網・桁あみ,動力船３トン以上５トン未満,0,2013/03/28,235.9,282135,6,1300,910,1196,,
閖上,アカガイ,生鮮,小型底曳網・桁あみ,動力船３トン以上５トン未満,0,2013/03/28,80.4,60657,5,888,666,754.4,,
閖上,コチ,生鮮,小型底曳網・桁あみ,動力船３トン以上５トン未満,0,2013/03/28,1,220,1,220,220,220,,
閖上,アカシタビラメ,生鮮,小型底曳網・桁あみ,動力船３トン以上５トン未満,0,2013/03/29,3.3,660,2,200,200,200,,
閖上,アカガイ,生鮮,小型底曳網・桁あみ,動力船３トン以上５トン未満,0,2013/03/29,8.2,30670,5,3969,3700,3740.2,,
閖上,アカガイ,生鮮,小型底曳網・桁あみ,動力船３トン以上５トン未満,0,2013/03/29,329.8,526542,6,3869,1139,1596.5,,
閖上,アカガイ,生鮮,小型底曳網・桁あみ,動力船３トン以上５トン未満,0,2013/03/29,230.7,257849,6,1239,801,1117.7,,
閖上,アカガイ,生鮮,小型底曳網・桁あみ,動力船３トン以上５トン未満,0,2013/03/29,56.6,41925,3,808,700,740.7,,
閖上,その他の巻き貝,生鮮,小型底曳網・桁あみ,動力船３トン以上５トン未満,0,2013/03/29,1.3,390,1,300,300,300,,
閖上,コタマガイ,生鮮,小型底曳網・桁あみ,動力船３トン以上５トン未満,0,2013/03/29,365,91050,1,260,240,249.5,,
閖上,アカシタビラメ,生鮮,小型底曳網・桁あみ,動力船３トン以上５トン未満,0,2013/04/01,7.5,1500,3,200,200,200,,
閖上,アカガイ,生鮮,小型底曳網・桁あみ,動力船３トン以上５トン未満,0,2013/04/01,10.9,42165,5,4011,3800,3868.3,,
閖上,アカガイ,生鮮,小型底曳網・桁あみ,動力船３トン以上５トン未満,0,2013/04/01,573,939949,6,4139,1239,1640.4,,
閖上,アカガイ,生鮮,小型底曳網・桁あみ,動力船３トン以上５トン未満,0,2013/04/01,358.9,408138,6,2500,700,1137.2,,
閖上,アカガイ,生鮮,小型底曳網・桁あみ,動力船３トン以上５トン未満,0,2013/04/01,129.3,87216,5,700,505,674.5,,
閖上,その他の巻き貝,生鮮,小型底曳網・桁あみ,動力船３トン以上５トン未満,0,2013/04/01,3,1020,1,340,340,340,,
閖上,コタマガイ,生鮮,小型底曳網・桁あみ,動力船３トン以上５トン未満,0,2013/04/01,28,11036,1,500,386,394.1,,
閖上,アカシタビラメ,生鮮,小型底曳網・桁あみ,動力船３トン以上５トン未満,0,2013/04/02,1.3,260,1,200,200,200,,
閖上,アカシタビラメ,生鮮,小型底曳網・桁あみ,動力船３トン以上５トン未満,0,2013/03/21,9.7,2134,2,220,220,220,,
閖上,アカガイ,生鮮,小型底曳網・桁あみ,動力船３トン以上５トン未満,0,2013/03/21,29,87622,4,4001,2600,3021.4,,
閖上,アカガイ,生鮮,小型底曳網・桁あみ,動力船３トン以上５トン未満,0,2013/03/21,288.4,603745,5,4001,1600,2093.4,,
閖上,アカガイ,生鮮,小型底曳網・桁あみ,動力船３トン以上５トン未満,0,2013/04/02,8.6,34982,5,4100,3789,4067.7,,
閖上,アカガイ,生鮮,小型底曳網・桁あみ,動力船３トン以上５トン未満,0,2013/04/02,276.2,468814,6,3829,1161,1697.4,,
閖上,アカガイ,生鮮,小型底曳網・桁あみ,動力船３トン以上５トン未満,0,2013/04/02,173.6,198636,6,1289,700,1144.2,,
閖上,アカガイ,生鮮,小型底曳網・桁あみ,動力船３トン以上５トン未満,0,2013/04/02,83.6,57185,5,720,510,684,,
閖上,その他の巻き貝,生鮮,小型底曳網・桁あみ,動力船３トン以上５トン未満,0,2013/04/02,3,900,1,300,300,300,,
閖上,ガザミ,生鮮,小型底曳網・桁あみ,動力船３トン以上５トン未満,0,2013/04/02,1.6,352,1,220,220,220,,
閖上,アカガイ,生鮮,小型底曳網・桁あみ,動力船３トン以上５トン未満,0,2013/04/03,5.4,20520,2,3800,3800,3800,,
閖上,アカガイ,生鮮,小型底曳網・桁あみ,動力船３トン以上５トン未満,0,2013/04/03,75.2,127380,2,2100,1500,1693.9,,
閖上,アカガイ,生鮮,小型底曳網・桁あみ,動力船３トン以上５トン未満,0,2013/04/03,53.9,57480,2,1200,800,1066.4,,
閖上,アカガイ,生鮮,小型底曳網・桁あみ,動力船３トン以上５トン未満,0,2013/04/03,20,14000,2,700,700,700,,
閖上,その他の巻き貝,生鮮,小型底曳網・桁あみ,動力船３トン以上５トン未満,0,2013/04/03,9,2700,2,300,300,300,,
閖上,アカシタビラメ,生鮮,小型底曳網・桁あみ,動力船３トン以上５トン未満,0,2013/04/04,10.3,2462,2,239,239,239,,
閖上,アカガイ,生鮮,小型底曳網・桁あみ,動力船３トン以上５トン未満,0,2013/04/04,6.5,27716,4,4400,3000,4264,,
閖上,アカガイ,生鮮,小型底曳網・桁あみ,動力船３トン以上５トン未満,0,2013/04/04,144.8,366180,4,4301,1989,2528.9,,
閖上,アカガイ,生鮮,小型底曳網・桁あみ,動力船３トン以上５トン未満,0,2013/04/04,89.3,134658,4,1689,1100,1507.9,,
閖上,アカガイ,生鮮,小型底曳網・桁あみ,動力船３トン以上５トン未満,0,2013/04/04,23.8,26875,3,1239,1100,1129.2,,
閖上,その他の巻き貝,生鮮,小型底曳網・桁あみ,動力船３トン以上５トン未満,0,2013/04/04,27.3,8578,3,340,300,314.2,,
閖上,アカシタビラメ,生鮮,小型底曳網・桁あみ,動力船３トン以上５トン未満,0,2013/04/08,10.5,2415,1,230,230,230,,
閖上,アカガイ,生鮮,小型底曳網・桁あみ,動力船３トン以上５トン未満,0,2013/04/08,11.7,50310,2,4300,4300,4300,,
閖上,アカガイ,生鮮,小型底曳網・桁あみ,動力船３トン以上５トン未満,0,2013/04/08,76.1,177450,2,2700,2100,2331.8,,
閖上,アカガイ,生鮮,小型底曳網・桁あみ,動力船３トン以上５トン未満,0,2013/04/08,33.7,50570,2,1600,1100,1500.6,,
閖上,アカガイ,生鮮,小型底曳網・桁あみ,動力船３トン以上５トン未満,0,2013/04/08,15.5,17050,2,1100,1100,1100,,
閖上,その他の巻き貝,生鮮,小型底曳網・桁あみ,動力船３トン以上５トン未満,0,2013/04/08,22.5,7650,2,340,340,340,,
閖上,アカシタビラメ,生鮮,小型底曳網・桁あみ,動力船３トン以上５トン未満,0,2013/06/27,67.3,11348,10,200,160,168.6,,
閖上,アカガイ,生鮮,小型底曳網・桁あみ,動力船３トン以上５トン未満,0,2013/06/27,29.2,74072,9,2700,2001,2536.7,,
閖上,アカシタビラメ,生鮮,小型底曳網・桁あみ,動力船３トン以上５トン未満,0,2013/06/11,64.8,9720,8,150,150,150,,
閖上,アカガイ,生鮮,小型底曳網・桁あみ,動力船３トン以上５トン未満,0,2013/06/11,3.2,7845,7,2519,2289,2451.6,,
閖上,アカガイ,生鮮,小型底曳網・桁あみ,動力船３トン以上５トン未満,0,2013/06/11,452.1,745712,9,2519,1489,1649.4,,
閖上,アカガイ,生鮮,小型底曳網・桁あみ,動力船３トン以上５トン未満,0,2013/06/11,322.6,374098,9,2500,850,1159.6,,
閖上,アカガイ,生鮮,小型底曳網・桁あみ,動力船３トン以上５トン未満,0,2013/06/11,64,45475,7,750,700,710.5,,
閖上,アカシタビラメ,生鮮,小型底曳網・桁あみ,動力船３トン以上５トン未満,0,2013/06/13,41.6,7470,9,200,150,179.6,,
閖上,アカガイ,生鮮,小型底曳網・桁あみ,動力船３トン以上５トン未満,0,2013/06/13,45.6,94390,10,2619,1800,2070,,
閖上,アカガイ,生鮮,小型底曳網・桁あみ,動力船３トン以上５トン未満,0,2013/06/13,475.9,782567,10,2539,1300,1644.4,,
閖上,アカガイ,生鮮,小型底曳網・桁あみ,動力船３トン以上５トン未満,0,2013/06/13,234.8,270329,10,1360,800,1151.3,,
閖上,アカガイ,生鮮,小型底曳網・桁あみ,動力船３トン以上５トン未満,0,2013/06/13,44.8,31525,9,750,700,703.7,,
閖上,アカガイ,生鮮,小型底曳網・桁あみ,動力船３トン以上５トン未満,0,2013/06/27,609.2,1033819,11,2480,1500,1697,,
閖上,アカガイ,生鮮,小型底曳網・桁あみ,動力船３トン以上５トン未満,0,2013/06/27,322,391128,11,1400,861,1214.7,,
閖上,アカガイ,生鮮,小型底曳網・桁あみ,動力船３トン以上５トン未満,0,2013/06/27,71.5,52167,9,751,700,729.6,,
閖上,アカシタビラメ,生鮮,小型底曳網・桁あみ,動力船３トン以上５トン未満,0,2013/06/28,43.3,6928,8,160,160,160,,
閖上,アカガイ,生鮮,小型底曳網・桁あみ,動力船３トン以上５トン未満,0,2013/06/28,17.9,45535,7,2619,2500,2543.9,,
閖上,アカガイ,生鮮,小型底曳網・桁あみ,動力船３トン以上５トン未満,0,2013/06/28,403.7,672422,10,2569,1500,1665.6,,
閖上,アカガイ,生鮮,小型底曳網・桁あみ,動力船３トン以上５トン未満,0,2013/06/28,217.6,268883,10,1342,800,1235.7,,
閖上,アカガイ,生鮮,小型底曳網・桁あみ,動力船３トン以上５トン未満,0,2013/06/28,37.4,26267,9,751,700,702.3,,
閖上,ヒラメ累計,生鮮,小型底曳網・桁あみ,動力船３トン以上５トン未満,0,2013/05/08,3,3000,1,1000,1000,1000,,
閖上,ヒラメ累計,生鮮,小型底曳網・桁あみ,動力船３トン以上５トン未満,0,2013/06/06,5.3,2650,1,500,500,500,,
閖上,マコガレイ,生鮮,小型底曳網・桁あみ,動力船３トン以上５トン未満,0,2013/05/09,17.9,3830,3,220,200,214,,
閖上,アカシタビラメ,生鮮,小型底曳網・桁あみ,動力船３トン以上５トン未満,0,2013/05/09,157.1,57425,9,400,359,365.5,,
閖上,アカガイ,生鮮,小型底曳網・桁あみ,動力船３トン以上５トン未満,0,2013/05/09,125.1,233599,10,2000,1169,1867.3,,
閖上,アカガイ,生鮮,小型底曳網・桁あみ,動力船３トン以上５トン未満,0,2013/05/09,395.3,721687,10,2110,1669,1825.7,,
閖上,アカガイ,生鮮,小型底曳網・桁あみ,動力船３トン以上５トン未満,0,2013/05/09,93.9,145708,10,1781,1100,1551.7,,
閖上,アカガイ,生鮮,小型底曳網・桁あみ,動力船３トン以上５トン未満,0,2013/05/09,71.9,62763,9,1450,800,872.9,,
閖上,その他の巻き貝,生鮮,小型底曳網・桁あみ,動力船３トン以上５トン未満,0,2013/05/09,169.4,63956,6,421,360,377.5,,
閖上,コタマガイ,生鮮,小型底曳網・桁あみ,動力船３トン以上５トン未満,0,2013/05/09,172,87376,2,508,508,508,,
閖上,コチ,生鮮,小型底曳網・桁あみ,動力船３トン以上５トン未満,0,2013/05/09,2.9,638,2,220,220,220,,
閖上,ひらめ,生鮮,小型底曳網・桁あみ,動力船３トン以上５トン未満,0,2013/05/09,2.2,1100,1,500,500,500,,
閖上,マコガレイ,生鮮,小型底曳網・桁あみ,動力船３トン以上５トン未満,0,2013/05/10,42.2,9190,6,250,200,217.8,,
閖上,アカシタビラメ,生鮮,小型底曳網・桁あみ,動力船３トン以上５トン未満,0,2013/05/10,148.7,50879,8,401,329,342.2,,
閖上,アカガイ,生鮮,小型底曳網・桁あみ,動力船３トン以上５トン未満,0,2013/05/10,66.9,115549,9,1800,1000,1727.2,,
閖上,アカガイ,生鮮,小型底曳網・桁あみ,動力船３トン以上５トン未満,0,2013/05/10,213.9,379726,9,1900,1639,1775.3,,
閖上,アカガイ,生鮮,小型底曳網・桁あみ,動力船３トン以上５トン未満,0,2013/05/10,46.8,68909,9,1669,1119,1472.4,,
閖上,アカガイ,生鮮,小型底曳網・桁あみ,動力船３トン以上５トン未満,0,2013/05/10,47.2,34802,8,901,631,737.3,,
閖上,その他の巻き貝,生鮮,小型底曳網・桁あみ,動力船３トン以上５トン未満,0,2013/05/10,126,48743,7,401,360,386.8,,
閖上,コタマガイ,生鮮,小型底曳網・桁あみ,動力船３トン以上５トン未満,0,2013/05/10,198,90648,2,476,431,457.8,,
閖上,ガザミ,生鮮,小型底曳網・桁あみ,動力船３トン以上５トン未満,0,2013/05/10,0.8,240,1,300,300,300,,
閖上,ひらめ,生鮮,小型底曳網・桁あみ,動力船３トン以上５トン未満,0,2013/05/10,3.2,1280,1,400,400,400,,
閖上,マコガレイ,生鮮,小型底曳網・桁あみ,動力船３トン以上５トン未満,0,2013/05/13,16.3,3436,2,250,200,210.8,,
閖上,アカシタビラメ,生鮮,小型底曳網・桁あみ,動力船３トン以上５トン未満,0,2013/05/13,72.6,22122,8,339,260,304.7,,
閖上,アカガイ,生鮮,小型底曳網・桁あみ,動力船３トン以上５トン未満,0,2013/05/13,93.9,157254,11,1889,1300,1674.7,,
閖上,アカガイ,生鮮,小型底曳網・桁あみ,動力船３トン以上５トン未満,0,2013/05/13,934.3,1378890,11,1889,1300,1475.9,,
閖上,アカガイ,生鮮,小型底曳網・桁あみ,動力船３トン以上５トン未満,0,2013/05/13,279.7,288138,11,1500,700,1030.2,,
閖上,アカガイ,生鮮,小型底曳網・桁あみ,動力船３トン以上５トン未満,0,2013/05/13,94.9,71746,8,2500,700,756,,
閖上,その他の巻き貝,生鮮,小型底曳網・桁あみ,動力船３トン以上５トン未満,0,2013/05/13,39,15600,2,400,400,400,,
閖上,コタマガイ,生鮮,小型底曳網・桁あみ,動力船３トン以上５トン未満,0,2013/05/14,42,42000,1,1000,1000,1000,,
閖上,アカシタビラメ,生鮮,小型底曳網・桁あみ,動力船３トン以上５トン未満,0,2013/05/15,34.6,11674,9,340,330,337.4,,
閖上,アカガイ,生鮮,小型底曳網・桁あみ,動力船３トン以上５トン未満,0,2013/05/15,73.1,119321,9,2139,1500,1632.3,,
閖上,アカガイ,生鮮,小型底曳網・桁あみ,動力船３トン以上５トン未満,0,2013/05/15,513.3,689274,10,2130,1100,1342.8,,
閖上,アカガイ,生鮮,小型底曳網・桁あみ,動力船３トン以上５トン未満,0,2013/05/15,189.6,146890,10,869,500,774.7,,
閖上,アカガイ,生鮮,小型底曳網・桁あみ,動力船３トン以上５トン未満,0,2013/05/15,90.9,55340,10,700,500,608.8,,
閖上,コタマガイ,生鮮,小型底曳網・桁あみ,動力船３トン以上５トン未満,0,2013/05/15,62,29450,1,475,475,475,,
閖上,アカシタビラメ,生鮮,小型底曳網・桁あみ,動力船３トン以上５トン未満,0,2013/05/16,8.5,2890,2,340,340,340,,
閖上,アカガイ,生鮮,小型底曳網・桁あみ,動力船３トン以上５トン未満,0,2013/05/16,59.9,93660,2,2100,1400,1563.6,,
閖上,アカガイ,生鮮,小型底曳網・桁あみ,動力船３トン以上５トン未満,0,2013/05/16,89.4,103620,2,1300,800,1159.1,,
閖上,アカガイ,生鮮,小型底曳網・桁あみ,動力船３トン以上５トン未満,0,2013/05/16,10.2,6120,2,600,600,600,,
閖上,アカガイ,生鮮,小型底曳網・桁あみ,動力船３トン以上５トン未満,0,2013/05/16,9,5400,2,600,600,600,,
閖上,コタマガイ,生鮮,小型底曳網・桁あみ,動力船３トン以上５トン未満,0,2013/05/16,112,34832,2,311,311,311,,
閖上,アカガイ,生鮮,小型底曳網・桁あみ,動力船３トン以上５トン未満,0,2013/05/27,153.4,81784,10,600,500,533.1,,
閖上,コタマガイ,生鮮,小型底曳網・桁あみ,動力船３トン以上５トン未満,0,2013/05/27,196,56840,3,290,290,290,,
閖上,マコガレイ,生鮮,小型底曳網・桁あみ,動力船３トン以上５トン未満,0,2013/05/28,1.6,160,1,100,100,100,,
閖上,アカシタビラメ,生鮮,小型底曳網・桁あみ,動力船３トン以上５トン未満,0,2013/05/28,40.7,13693,9,340,330,336.4,,
閖上,アカガイ,生鮮,小型底曳網・桁あみ,動力船３トン以上５トン未満,0,2013/05/28,34,73640,11,2400,1801,2165.9,,
閖上,アカガイ,生鮮,小型底曳網・桁あみ,動力船３トン以上５トン未満,0,2013/05/28,448.6,750187,11,2430,1389,1672.3,,
閖上,アカガイ,生鮮,小型底曳網・桁あみ,動力船３トン以上５トン未満,0,2013/05/28,148.6,134640,11,1400,640,906.1,,
閖上,アカガイ,生鮮,小型底曳網・桁あみ,動力船３トン以上５トン未満,0,2013/05/28,84.6,42366,9,511,500,500.8,,
閖上,コタマガイ,生鮮,小型底曳網・桁あみ,動力船３トン以上５トン未満,0,2013/05/28,497,112930,3,290,180,227.2,,
閖上,アカシタビラメ,生鮮,小型底曳網・桁あみ,動力船３トン以上５トン未満,0,2013/05/29,17,5780,2,340,340,340,,
閖上,アカガイ,生鮮,小型底曳網・桁あみ,動力船３トン以上５トン未満,0,2013/05/29,35.2,83070,2,2400,2100,2359.9,,
閖上,アカガイ,生鮮,小型底曳網・桁あみ,動力船３トン以上５トン未満,0,2013/05/29,76.6,116280,2,1600,1400,1518,,
閖上,アカガイ,生鮮,小型底曳網・桁あみ,動力船３トン以上５トン未満,0,2013/05/29,35.2,30580,2,1000,700,868.8,,
閖上,アカガイ,生鮮,小型底曳網・桁あみ,動力船３トン以上５トン未満,0,2013/05/29,8,4000,2,500,500,500,,
閖上,アカシタビラメ,生鮮,小型底曳網・桁あみ,動力船３トン以上５トン未満,0,2013/06/03,90.7,27719,10,316,300,305.6,,
閖上,アカガイ,生鮮,小型底曳網・桁あみ,動力船３トン以上５トン未満,0,2013/06/03,106.4,241902,10,2600,1810,2273.5,,
閖上,アカガイ,生鮮,小型底曳網・桁あみ,動力船３トン以上５トン未満,0,2013/06/03,792.2,1490322,10,2700,1439,1881.2,,
閖上,アカガイ,生鮮,小型底曳網・桁あみ,動力船３トン以上５トン未満,0,2013/06/03,270.1,292884,10,1310,830,1084.4,,
閖上,アカガイ,生鮮,小型底曳網・桁あみ,動力船３トン以上５トン未満,0,2013/06/03,78.8,53507,10,800,550,679,,
閖上,その他の巻き貝,生鮮,小型底曳網・桁あみ,動力船３トン以上５トン未満,0,2013/06/03,16.6,8678,3,530,500,522.8,,
閖上,コタマガイ,生鮮,小型底曳網・桁あみ,動力船３トン以上５トン未満,0,2013/06/03,33,13200,1,400,400,400,,
閖上,マコガレイ,生鮮,小型底曳網・桁あみ,動力船３トン以上５トン未満,0,2013/06/05,4.8,480,1,100,100,100,,
閖上,アカシタビラメ,生鮮,小型底曳網・桁あみ,動力船３トン以上５トン未満,0,2013/06/05,45.7,12936,10,300,273,283.1,,
閖上,アカガイ,生鮮,小型底曳網・桁あみ,動力船３トン以上５トン未満,0,2013/06/05,103.7,222113,11,2500,1539,2141.9,,
閖上,アカガイ,生鮮,小型底曳網・桁あみ,動力船３トン以上５トン未満,0,2013/06/05,436.6,795827,11,2169,1500,1822.8,,
閖上,アカガイ,生鮮,小型底曳網・桁あみ,動力船３トン以上５トン未満,0,2013/06/05,135.8,158597,11,1431,800,1167.9,,
閖上,アカガイ,生鮮,小型底曳網・桁あみ,動力船３トン以上５トン未満,0,2013/06/05,64.9,45430,9,700,700,700,,
閖上,その他の巻き貝,生鮮,小型底曳網・桁あみ,動力船３トン以上５トン未満,0,2013/06/05,10,5500,4,550,550,550,,
閖上,コタマガイ,生鮮,小型底曳網・桁あみ,動力船３トン以上５トン未満,0,2013/06/05,170,56560,2,350,320,332.7,,
閖上,ひらめ,生鮮,小型底曳網・桁あみ,動力船３トン以上５トン未満,0,2013/06/05,4.5,1350,1,300,300,300,,
閖上,アカシタビラメ,生鮮,小型底曳網・桁あみ,動力船３トン以上５トン未満,0,2013/06/06,97.6,25609,10,270,261,262.4,,
閖上,アカガイ,生鮮,小型底曳網・桁あみ,動力船３トン以上５トン未満,0,2013/06/06,81.8,162408,11,2200,1639,1985.4,,
閖上,アカガイ,生鮮,小型底曳網・桁あみ,動力船３トン以上５トン未満,0,2013/06/06,413.4,735996,11,2069,1400,1780.3,,
閖上,アカガイ,生鮮,小型底曳網・桁あみ,動力船３トン以上５トン未満,0,2013/06/06,134.3,159479,11,1433,936,1187.5,,
閖上,アカガイ,生鮮,小型底曳網・桁あみ,動力船３トン以上５トン未満,0,2013/06/06,37.8,26949,9,753,700,712.9,,
閖上,その他の巻き貝,生鮮,小型底曳網・桁あみ,動力船３トン以上５トン未満,0,2013/06/06,4.8,2894,1,603,603,602.9,,
閖上,コタマガイ,生鮮,小型底曳網・桁あみ,動力船３トン以上５トン未満,0,2013/06/06,123,32595,2,265,265,265,,
閖上,ガザミ,生鮮,小型底曳網・桁あみ,動力船３トン以上５トン未満,0,2013/06/06,2,1200,1,600,600,600,,
閖上,ひらめ,生鮮,小型底曳網・桁あみ,動力船３トン以上５トン未満,0,2013/06/06,5.3,2650,1,500,500,500,,
閖上,アカシタビラメ,生鮮,小型底曳網・桁あみ,動力船３トン以上５トン未満,0,2013/06/07,50.3,11200,10,260,200,222.7,,
閖上,アカガイ,生鮮,小型底曳網・桁あみ,動力船３トン以上５トン未満,0,2013/06/07,53.6,102142,11,2000,1301,1905.6,,
閖上,アカガイ,生鮮,小型底曳網・桁あみ,動力船３トン以上５トン未満,0,2013/06/07,443.9,730965,11,2100,1429,1646.7,,
閖上,アカガイ,生鮮,小型底曳網・桁あみ,動力船３トン以上５トン未満,0,2013/06/07,147.7,183239,11,1440,900,1240.6,,
閖上,アカガイ,生鮮,小型底曳網・桁あみ,動力船３トン以上５トン未満,0,2013/06/07,62.6,44490,9,850,700,710.7,,
閖上,その他の巻き貝,生鮮,小型底曳網・桁あみ,動力船３トン以上５トン未満,0,2013/06/07,2.4,1200,1,500,500,500,,
閖上,アカシタビラメ,生鮮,小型底曳網・桁あみ,動力船３トン以上５トン未満,0,2013/06/10,78,15600,10,200,200,200,,
閖上,アカガイ,生鮮,小型底曳網・桁あみ,動力船３トン以上５トン未満,0,2013/06/10,79.4,152021,11,2400,1320,1914.6,,
閖上,アカガイ,生鮮,小型底曳網・桁あみ,動力船３トン以上５トン未満,0,2013/06/10,710.9,1129738,11,2389,1300,1589.2,,
閖上,アカガイ,生鮮,小型底曳網・桁あみ,動力船３トン以上５トン未満,0,2013/06/10,362.8,436504,11,1340,861,1203.2,,
閖上,アカガイ,生鮮,小型底曳網・桁あみ,動力船３トン以上５トン未満,0,2013/06/10,129.2,90440,10,700,700,700,,
閖上,その他の巻き貝,生鮮,小型底曳網・桁あみ,動力船３トン以上５トン未満,0,2013/06/10,2.8,1400,1,500,500,500,,
閖上,コタマガイ,生鮮,小型底曳網・桁あみ,動力船３トン以上５トン未満,0,2013/06/10,142,44446,3,313,313,313,,
閖上,マコガレイ,生鮮,小型底曳網・桁あみ,動力船３トン以上５トン未満,0,2013/05/17,6.2,930,2,150,150,150,,
閖上,アカシタビラメ,生鮮,小型底曳網・桁あみ,動力船３トン以上５トン未満,0,2013/05/17,14.2,5254,6,370,370,370,,
閖上,アカガイ,生鮮,小型底曳網・桁あみ,動力船３トン以上５トン未満,0,2013/05/17,38.7,81169,8,2231,1819,2097.4,,
閖上,アカガイ,生鮮,小型底曳網・桁あみ,動力船３トン以上５トン未満,0,2013/05/17,265.5,449750,8,2239,1389,1694,,
閖上,アカガイ,生鮮,小型底曳網・桁あみ,動力船３トン以上５トン未満,0,2013/05/17,40.4,34189,8,1051,620,846.3,,
閖上,アカガイ,生鮮,小型底曳網・桁あみ,動力船３トン以上５トン未満,0,2013/05/17,35.9,23175,6,751,620,645.5,,
閖上,その他の巻き貝,生鮮,小型底曳網・桁あみ,動力船３トン以上５トン未満,0,2013/05/17,19.4,6422,6,331,331,331,,
閖上,コタマガイ,生鮮,小型底曳網・桁あみ,動力船３トン以上５トン未満,0,2013/05/17,109,33027,2,303,303,303,,
閖上,ひらめ,生鮮,小型底曳網・桁あみ,動力船３トン以上５トン未満,0,2013/05/17,0.7,140,1,200,200,200,,
閖上,アカシタビラメ,生鮮,小型底曳網・桁あみ,動力船３トン以上５トン未満,0,2013/05/20,29.3,9350,8,370,260,319.1,,
閖上,アカガイ,生鮮,小型底曳網・桁あみ,動力船３トン以上５トン未満,0,2013/05/20,143.5,260088,9,2710,1600,1812.5,,
閖上,アカガイ,生鮮,小型底曳網・桁あみ,動力船３トン以上５トン未満,0,2013/05/20,713.6,1051130,11,2639,900,1473,,
閖上,アカガイ,生鮮,小型底曳網・桁あみ,動力船３トン以上５トン未満,0,2013/05/20,147.2,134214,11,1001,650,911.8,,
閖上,アカガイ,生鮮,小型底曳網・桁あみ,動力船３トン以上５トン未満,0,2013/05/20,146.5,91776,10,680,600,626.5,,
閖上,コタマガイ,生鮮,小型底曳網・桁あみ,動力船３トン以上５トン未満,0,2013/05/20,184,50544,3,306,266,274.7,,
閖上,コチ,生鮮,小型底曳網・桁あみ,動力船３トン以上５トン未満,0,2013/05/20,0.5,75,1,150,150,150,,
閖上,アカシタビラメ,生鮮,小型底曳網・桁あみ,動力船３トン以上５トン未満,0,2013/05/22,24.1,7953,8,330,330,330,,
閖上,アカガイ,生鮮,小型底曳網・桁あみ,動力船３トン以上５トン未満,0,2013/05/22,41.5,90885,10,2731,1501,2190,,
閖上,アカガイ,生鮮,小型底曳網・桁あみ,動力船３トン以上５トン未満,0,2013/05/22,402.5,641282,10,2469,1301,1593.2,,
閖上,アカガイ,生鮮,小型底曳網・桁あみ,動力船３トン以上５トン未満,0,2013/05/22,90,76750,10,1000,690,852.8,,
閖上,アカガイ,生鮮,小型底曳網・桁あみ,動力船３トン以上５トン未満,0,2013/05/22,72.8,44283,10,610,600,608.3,,
閖上,アカシタビラメ,生鮮,小型底曳網・桁あみ,動力船３トン以上５トン未満,0,2013/05/23,19.7,6501,5,330,330,330,,
閖上,アカガイ,生鮮,小型底曳網・桁あみ,動力船３トン以上５トン未満,0,2013/05/23,31.9,77910,10,2600,1700,2442.3,,
閖上,アカガイ,生鮮,小型底曳網・桁あみ,動力船３トン以上５トン未満,0,2013/05/23,466.2,710962,10,2369,1279,1525,,
閖上,アカガイ,生鮮,小型底曳網・桁あみ,動力船３トン以上５トン未満,0,2013/05/23,125.3,107251,10,1000,700,856,,
閖上,アカガイ,生鮮,小型底曳網・桁あみ,動力船３トン以上５トン未満,0,2013/05/23,80.7,44560,9,600,550,552.2,,
閖上,ガザミ,生鮮,小型底曳網・桁あみ,動力船３トン以上５トン未満,0,2013/05/23,0.7,280,1,400,400,400,,
閖上,マコガレイ,生鮮,小型底曳網・桁あみ,動力船３トン以上５トン未満,0,2013/05/24,0.8,120,1,150,150,150,,
閖上,アカシタビラメ,生鮮,小型底曳網・桁あみ,動力船３トン以上５トン未満,0,2013/05/24,23,9108,8,550,330,396,,
閖上,アカガイ,生鮮,小型底曳網・桁あみ,動力船３トン以上５トン未満,0,2013/05/24,27.2,61307,10,2400,1700,2253.9,,
閖上,アカガイ,生鮮,小型底曳網・桁あみ,動力船３トン以上５トン未満,0,2013/05/24,377.7,561113,11,2289,1289,1485.6,,
閖上,アカガイ,生鮮,小型底曳網・桁あみ,動力船３トン以上５トン未満,0,2013/05/24,118.8,98349,11,1000,621,827.9,,
閖上,アカガイ,生鮮,小型底曳網・桁あみ,動力船３トン以上５トン未満,0,2013/05/24,63.9,36495,9,600,550,571.1,,
閖上,コタマガイ,生鮮,小型底曳網・桁あみ,動力船３トン以上５トン未満,0,2013/05/24,97,32883,2,339,339,339,,
閖上,マコガレイ,生鮮,小型底曳網・桁あみ,動力船３トン以上５トン未満,0,2013/05/27,1.6,240,1,150,150,150,,
閖上,アカシタビラメ,生鮮,小型底曳網・桁あみ,動力船３トン以上５トン未満,0,2013/05/27,38.2,11987,7,330,300,313.8,,
閖上,アカガイ,生鮮,小型底曳網・桁あみ,動力船３トン以上５トン未満,0,2013/05/27,51,107974,11,2400,1710,2117.1,,
閖上,アカガイ,生鮮,小型底曳網・桁あみ,動力船３トン以上５トン未満,0,2013/05/27,726,1164173,11,2410,1300,1603.5,,
閖上,アカガイ,生鮮,小型底曳網・桁あみ,動力船３トン以上５トン未満,0,2013/05/27,276.4,232693,11,1400,600,841.9,,
閖上,アカガイ,生鮮,小型底曳網・桁あみ,動力船３トン以上５トン未満,0,2013/03/06,67.8,42465,4,650,500,626.3,,
閖上,その他の巻き貝,生鮮,小型底曳網・桁あみ,動力船３トン以上５トン未満,0,2013/03/06,19.6,5880,4,300,300,300,,
閖上,ヌマガレイ(カワガレイ),生鮮,小型底曳網・桁あみ,動力船３トン以上５トン未満,0,2013/03/07,7.8,1638,2,210,210,210,,
閖上,アカシタビラメ,生鮮,小型底曳網・桁あみ,動力船３トン以上５トン未満,0,2013/03/07,6.6,1495,3,250,200,226.5,,
閖上,アカガイ,生鮮,小型底曳網・桁あみ,動力船３トン以上５トン未満,0,2013/03/07,34.9,84053,6,3089,1800,2408.4,,
閖上,アカガイ,生鮮,小型底曳網・桁あみ,動力船３トン以上５トン未満,0,2013/03/07,234.9,356992,6,2879,1100,1519.8,,
閖上,アカガイ,生鮮,小型底曳網・桁あみ,動力船３トン以上５トン未満,0,2013/03/07,107.1,106613,6,1130,666,995.5,,
閖上,アカガイ,生鮮,小型底曳網・桁あみ,動力船３トン以上５トン未満,0,2013/03/07,73.8,45801,4,666,500,620.6,,
閖上,その他の巻き貝,生鮮,小型底曳網・桁あみ,動力船３トン以上５トン未満,0,2013/03/07,34.2,9929,5,333,250,290.3,,
閖上,コタマガイ,生鮮,小型底曳網・桁あみ,動力船３トン以上５トン未満,0,2013/03/07,79,26307,2,333,333,333,,
閖上,ヌマガレイ(カワガレイ),生鮮,小型底曳網・桁あみ,動力船３トン以上５トン未満,0,2013/03/08,7.8,1638,2,210,210,210,,
閖上,マコガレイ,生鮮,小型底曳網・桁あみ,動力船３トン以上５トン未満,0,2013/03/08,2.2,462,1,210,210,210,,
閖上,アカシタビラメ,生鮮,小型底曳網・桁あみ,動力船３トン以上５トン未満,0,2013/03/08,7.2,1440,4,200,200,200,,
閖上,アカガイ,生鮮,小型底曳網・桁あみ,動力船３トン以上５トン未満,0,2013/03/08,19.7,57500,6,3000,2400,2918.8,,
閖上,アカガイ,生鮮,小型底曳網・桁あみ,動力船３トン以上５トン未満,0,2013/03/08,289.5,425689,6,2610,1139,1470.4,,
閖上,アカガイ,生鮮,小型底曳網・桁あみ,動力船３トン以上５トン未満,0,2013/03/08,98.7,108597,6,1389,700,1100.3,,
閖上,アカガイ,生鮮,小型底曳網・桁あみ,動力船３トン以上５トン未満,0,2013/03/08,55.1,34248,4,741,550,621.6,,
閖上,その他の巻き貝,生鮮,小型底曳網・桁あみ,動力船３トン以上５トン未満,0,2013/03/08,54.6,13879,4,255,250,254.2,,
閖上,ヌマガレイ(カワガレイ),生鮮,小型底曳網・桁あみ,動力船３トン以上５トン未満,0,2013/03/11,14.2,2982,3,210,210,210,,
閖上,アカシタビラメ,生鮮,小型底曳網・桁あみ,動力船３トン以上５トン未満,0,2013/03/11,2.5,375,2,150,150,150,,
閖上,アカガイ,生鮮,小型底曳網・桁あみ,動力船３トン以上５トン未満,0,2013/03/11,15.3,40761,4,3200,2379,2664.1,,
閖上,アカガイ,生鮮,小型底曳網・桁あみ,動力船３トン以上５トン未満,0,2013/03/11,256.4,410132,5,2900,1300,1599.6,,
閖上,ヌマガレイ(カワガレイ),生鮮,小型底曳網・桁あみ,動力船３トン以上５トン未満,0,2013/03/01,1.2,400,1,333,333,333.3,,
閖上,アカシタビラメ,生鮮,小型底曳網・桁あみ,動力船３トン以上５トン未満,0,2013/03/01,9.9,2178,4,220,220,220,,
閖上,アカガイ,生鮮,小型底曳網・桁あみ,動力船３トン以上５トン未満,0,2013/03/01,26.7,69469,6,3666,2100,2601.8,,
閖上,アカガイ,生鮮,小型底曳網・桁あみ,動力船３トン以上５トン未満,0,2013/03/01,308.7,546202,6,3666,1000,1769.4,,
閖上,アカガイ,生鮮,小型底曳網・桁あみ,動力船３トン以上５トン未満,0,2013/03/01,140,127178,6,1069,666,908.4,,
閖上,アカガイ,生鮮,小型底曳網・桁あみ,動力船３トン以上５トン未満,0,2013/03/01,63.2,40217,4,700,500,636.3,,
閖上,その他の巻き貝,生鮮,小型底曳網・桁あみ,動力船３トン以上５トン未満,0,2013/03/01,15.5,4119,3,288,250,265.7,,
閖上,ヌマガレイ(カワガレイ),生鮮,小型底曳網・桁あみ,動力船３トン以上５トン未満,0,2013/03/04,5.7,1734,1,333,251,304.2,,
閖上,アカシタビラメ,生鮮,小型底曳網・桁あみ,動力船３トン以上５トン未満,0,2013/03/04,12.5,3943,3,339,220,315.4,,
閖上,アカガイ,生鮮,小型底曳網・桁あみ,動力船３トン以上５トン未満,0,2013/03/04,92.6,266116,6,3600,2200,2873.8,,
閖上,アカガイ,生鮮,小型底曳網・桁あみ,動力船３トン以上５トン未満,0,2013/03/04,446.3,802745,6,3571,1100,1798.7,,
閖上,アカガイ,生鮮,小型底曳網・桁あみ,動力船３トン以上５トン未満,0,2013/03/04,206.7,227478,6,2500,765,1100.5,,
閖上,アカガイ,生鮮,小型底曳網・桁あみ,動力船３トン以上５トン未満,0,2013/03/04,109.9,81326,4,861,510,740,,
閖上,その他の巻き貝,生鮮,小型底曳網・桁あみ,動力船３トン以上５トン未満,0,2013/03/04,31.4,9597,4,351,250,305.6,,
閖上,コタマガイ,生鮮,小型底曳網・桁あみ,動力船３トン以上５トン未満,0,2013/03/04,76,25536,1,336,336,336,,
閖上,ガザミ,生鮮,小型底曳網・桁あみ,動力船３トン以上５トン未満,0,2013/03/04,13.7,2877,2,210,210,210,,
閖上,コチ,生鮮,小型底曳網・桁あみ,動力船３トン以上５トン未満,0,2013/03/04,2.4,602,1,251,251,250.8,,
閖上,ヌマガレイ(カワガレイ),生鮮,小型底曳網・桁あみ,動力船３トン以上５トン未満,0,2013/03/05,17.1,3762,3,220,220,220,,
閖上,アカシタビラメ,生鮮,小型底曳網・桁あみ,動力船３トン以上５トン未満,0,2013/03/05,7.9,2068,4,330,220,261.8,,
閖上,アカガイ,生鮮,小型底曳網・桁あみ,動力船３トン以上５トン未満,0,2013/03/05,44.3,113110,6,3200,2100,2553.3,,
閖上,アカガイ,生鮮,小型底曳網・桁あみ,動力船３トン以上５トン未満,0,2013/03/05,278.3,401063,6,2919,1039,1441.1,,
閖上,アカガイ,生鮮,小型底曳網・桁あみ,動力船３トン以上５トン未満,0,2013/03/05,145,120175,6,891,666,828.8,,
閖上,アカガイ,生鮮,小型底曳網・桁あみ,動力船３トン以上５トン未満,0,2013/03/05,72.3,47858,4,777,501,661.9,,
閖上,その他の巻き貝,生鮮,小型底曳網・桁あみ,動力船３トン以上５トン未満,0,2013/03/05,29.4,8619,5,388,220,293.2,,
閖上,コタマガイ,生鮮,小型底曳網・桁あみ,動力船３トン以上５トン未満,0,2013/03/05,19,7619,1,401,401,401,,
閖上,ガザミ,生鮮,小型底曳網・桁あみ,動力船３トン以上５トン未満,0,2013/03/05,19.2,4224,2,220,220,220,,
閖上,ヌマガレイ(カワガレイ),生鮮,小型底曳網・桁あみ,動力船３トン以上５トン未満,0,2013/03/06,1.8,396,1,220,220,220,,
閖上,アカシタビラメ,生鮮,小型底曳網・桁あみ,動力船３トン以上５トン未満,0,2013/03/06,3.6,760,3,220,200,211.1,,
閖上,アカガイ,生鮮,小型底曳網・桁あみ,動力船３トン以上５トン未満,0,2013/03/06,29.5,66282,4,3030,1800,2246.8,,
閖上,アカガイ,生鮮,小型底曳網・桁あみ,動力船３トン以上５トン未満,0,2013/03/06,256.2,350710,6,2869,900,1368.9,,
閖上,アカガイ,生鮮,小型底曳網・桁あみ,動力船３トン以上５トン未満,0,2013/03/06,100.3,99280,6,1120,600,989.8,,
閖上,アカガイ,生鮮,小型底曳網・桁あみ,動力船３トン以上５トン未満,0,2013/03/11,99.4,112770,5,1210,800,1134.5,,
閖上,アカガイ,生鮮,小型底曳網・桁あみ,動力船３トン以上５トン未満,0,2013/03/11,50,34992,4,781,500,699.8,,
閖上,その他の巻き貝,生鮮,小型底曳網・桁あみ,動力船３トン以上５トン未満,0,2013/03/11,46.1,13830,3,300,300,300,,
閖上,アカガイ,生鮮,小型底曳網・桁あみ,動力船３トン以上５トン未満,0,2013/03/12,10.3,25750,1,2500,2500,2500,,
閖上,アカガイ,生鮮,小型底曳網・桁あみ,動力船３トン以上５トン未満,0,2013/03/12,40.3,60710,1,1700,1200,1506.5,,
閖上,アカガイ,生鮮,小型底曳網・桁あみ,動力船３トン以上５トン未満,0,2013/03/12,5.4,5130,1,950,950,950,,
閖上,アカガイ,生鮮,小型底曳網・桁あみ,動力船３トン以上５トン未満,0,2013/03/12,14,9800,1,700,700,700,,
閖上,その他の巻き貝,生鮮,小型底曳網・桁あみ,動力船３トン以上５トン未満,0,2013/03/12,6,1800,1,300,300,300,,
閖上,アカシタビラメ,生鮮,小型底曳網・桁あみ,動力船３トン以上５トン未満,0,2013/03/13,5.4,1512,3,280,280,280,,
閖上,アカガイ,生鮮,小型底曳網・桁あみ,動力船３トン以上５トン未満,0,2013/03/13,2.2,7519,4,3439,3401,3417.7,,
閖上,アカガイ,生鮮,小型底曳網・桁あみ,動力船３トン以上５トン未満,0,2013/03/13,164.3,366034,4,3500,1869,2227.8,,
閖上,アカガイ,生鮮,小型底曳網・桁あみ,動力船３トン以上５トン未満,0,2013/03/13,121.5,174484,4,2000,1131,1436.1,,
閖上,アカガイ,生鮮,小型底曳網・桁あみ,動力船３トン以上５トン未満,0,2013/03/13,36.4,28737,3,921,501,789.5,,
閖上,その他の巻き貝,生鮮,小型底曳網・桁あみ,動力船３トン以上５トン未満,0,2013/03/13,12.6,4422,3,351,351,351,,
閖上,アカシタビラメ,生鮮,小型底曳網・桁あみ,動力船３トン以上５トン未満,0,2013/03/15,4.7,1414,2,301,300,300.9,,
閖上,アカガイ,生鮮,小型底曳網・桁あみ,動力船３トン以上５トン未満,0,2013/03/15,27,75739,4,3539,2600,2805.1,,
閖上,アカガイ,生鮮,小型底曳網・桁あみ,動力船３トン以上５トン未満,0,2013/03/15,255.1,513382,5,3501,1500,2012.5,,
閖上,アカガイ,生鮮,小型底曳網・桁あみ,動力船３トン以上５トン未満,0,2013/03/15,173.4,237921,5,2500,1200,1372.1,,
閖上,アカガイ,生鮮,小型底曳網・桁あみ,動力船３トン以上５トン未満,0,2013/03/15,67.5,57983,4,900,550,859,,
閖上,その他の巻き貝,生鮮,小型底曳網・桁あみ,動力船３トン以上５トン未満,0,2013/03/15,18.1,6300,4,400,333,348.1,,
閖上,コタマガイ,生鮮,小型底曳網・桁あみ,動力船３トン以上５トン未満,0,2013/03/15,56,17136,2,306,306,306,,
閖上,アカシタビラメ,生鮮,小型底曳網・桁あみ,動力船３トン以上５トン未満,0,2013/03/18,10.6,3180,3,300,300,300,,
閖上,アカガイ,生鮮,小型底曳網・桁あみ,動力船３トン以上５トン未満,0,2013/03/18,12.7,45241,5,3779,2800,3562.3,,
閖上,アカガイ,生鮮,小型底曳網・桁あみ,動力船３トン以上５トン未満,0,2013/03/18,443.4,1045106,5,3839,1800,2357,,
閖上,アカガイ,生鮮,小型底曳網・桁あみ,動力船３トン以上５トン未満,0,2013/03/18,289.1,439787,5,1649,1200,1521.2,,
閖上,アカガイ,生鮮,小型底曳網・桁あみ,動力船３トン以上５トン未満,0,2013/03/18,114.5,107172,4,1051,530,936,,
閖上,その他の巻き貝,生鮮,小型底曳網・桁あみ,動力船３トン以上５トン未満,0,2013/03/18,48.2,15115,4,333,300,313.6,,
閖上,コタマガイ,生鮮,小型底曳網・桁あみ,動力船３トン以上５トン未満,0,2013/03/18,38,12654,1,333,333,333,,
閖上,コチ,生鮮,小型底曳網・桁あみ,動力船３トン以上５トン未満,0,2013/03/18,1.4,308,1,220,220,220,,
閖上,アカシタビラメ,生鮮,小型底曳網・桁あみ,動力船３トン以上５トン未満,0,2013/06/20,40.4,7820,8,250,180,193.6,,
閖上,アカガイ,生鮮,小型底曳網・桁あみ,動力船３トン以上５トン未満,0,2013/06/20,19,50673,10,2869,2600,2667,,
閖上,アカガイ,生鮮,小型底曳網・桁あみ,動力船３トン以上５トン未満,0,2013/06/20,678.4,1192461,11,3010,1589,1757.8,,
閖上,アカガイ,生鮮,小型底曳網・桁あみ,動力船３トン以上５トン未満,0,2013/06/20,311,407961,11,1501,900,1311.8,,
閖上,アカガイ,生鮮,小型底曳網・桁あみ,動力船３トン以上５トン未満,0,2013/06/20,65.6,47459,10,800,700,723.5,,
閖上,コタマガイ,生鮮,小型底曳網・桁あみ,動力船３トン以上５トン未満,0,2013/06/25,310,66800,1,250,170,215.5,,
閖上,アカシタビラメ,生鮮,小型底曳網・桁あみ,動力船３トン以上５トン未満,0,2013/06/26,42.8,7328,8,200,160,171.2,,
閖上,アカガイ,生鮮,小型底曳網・桁あみ,動力船３トン以上５トン未満,0,2013/06/26,4.6,12061,8,2689,2439,2622,,
閖上,アカガイ,生鮮,小型底曳網・桁あみ,動力船３トン以上５トン未満,0,2013/06/26,425.7,694325,9,2439,1519,1631,,
閖上,アカガイ,生鮮,小型底曳網・桁あみ,動力船３トン以上５トン未満,0,2013/06/26,217.4,282560,9,1360,940,1299.7,,
閖上,アカガイ,生鮮,小型底曳網・桁あみ,動力船３トン以上５トン未満,0,2013/06/26,41.9,29418,7,751,600,702.1,,
閖上,コタマガイ,生鮮,小型底曳網・桁あみ,動力船３トン以上５トン未満,0,2013/06/26,139,41767,3,331,289,300.5,,
閖上,コタマガイ,生鮮,小型底曳網・桁あみ,動力船３トン以上５トン未満,0,2013/02/12,157,75742,2,484,481,482.4,,
閖上,アカシタビラメ,生鮮,小型底曳網・桁あみ,動力船３トン以上５トン未満,0,2013/02/13,26,6500,1,250,250,250,,
閖上,アカガイ,生鮮,小型底曳網・桁あみ,動力船３トン以上５トン未満,0,2013/02/13,33.1,90120,1,3000,2600,2722.7,,
閖上,アカガイ,生鮮,小型底曳網・桁あみ,動力船３トン以上５トン未満,0,2013/02/13,148.7,211985,1,1650,1200,1425.6,,
閖上,アカガイ,生鮮,小型底曳網・桁あみ,動力船３トン以上５トン未満,0,2013/02/13,93.2,81740,1,1000,700,877,,
閖上,アカガイ,生鮮,小型底曳網・桁あみ,動力船３トン以上５トン未満,0,2013/02/13,21.5,12900,1,600,600,600,,
閖上,アカシタビラメ,生鮮,小型底曳網・桁あみ,動力船３トン以上５トン未満,0,2013/02/14,39.6,9023,3,231,220,227.9,,
閖上,アカガイ,生鮮,小型底曳網・桁あみ,動力船３トン以上５トン未満,0,2013/02/14,3.6,11788,5,3333,3169,3274.4,,
閖上,アカガイ,生鮮,小型底曳網・桁あみ,動力船３トン以上５トン未満,0,2013/02/14,276.4,446506,5,3069,1310,1615.4,,
閖上,アカガイ,生鮮,小型底曳網・桁あみ,動力船３トン以上５トン未満,0,2013/02/14,170.4,160536,5,1010,741,942.1,,
閖上,アカガイ,生鮮,小型底曳網・桁あみ,動力船３トン以上５トン未満,0,2013/02/14,17.5,12968,3,741,741,741,,
閖上,アカシタビラメ,生鮮,小型底曳網・桁あみ,動力船３トン以上５トン未満,0,2013/02/15,41.5,10665,4,260,250,257,,
閖上,アカガイ,生鮮,小型底曳網・桁あみ,動力船３トン以上５トン未満,0,2013/02/15,35.8,115174,6,3500,3100,3217.2,,
閖上,アカガイ,生鮮,小型底曳網・桁あみ,動力船３トン以上５トン未満,0,2013/02/15,308.7,522764,6,3139,1300,1693.4,,
閖上,アカガイ,生鮮,小型底曳網・桁あみ,動力船３トン以上５トン未満,0,2013/02/15,157.8,148171,6,1011,762,939,,
閖上,アカガイ,生鮮,小型底曳網・桁あみ,動力船３トン以上５トン未満,0,2013/02/15,35.2,26602,4,851,700,755.7,,
閖上,その他の巻き貝,生鮮,小型底曳網・桁あみ,動力船３トン以上５トン未満,0,2013/02/15,28,7840,2,280,280,280,,
閖上,アカシタビラメ,生鮮,小型底曳網・桁あみ,動力船３トン以上５トン未満,0,2013/02/18,15.5,3917,3,261,250,252.7,,
閖上,アカガイ,生鮮,小型底曳網・桁あみ,動力船３トン以上５トン未満,0,2013/02/18,103.3,265569,6,3631,2000,2570.9,,
閖上,アカガイ,生鮮,小型底曳網・桁あみ,動力船３トン以上５トン未満,0,2013/02/18,738,1257729,6,3391,1100,1704.2,,
閖上,アカガイ,生鮮,小型底曳網・桁あみ,動力船３トン以上５トン未満,0,2013/02/18,324.9,294123,6,1100,653,905.3,,
閖上,アカガイ,生鮮,小型底曳網・桁あみ,動力船３トン以上５トン未満,0,2013/02/18,92.7,60175,4,700,600,649.1,,
閖上,その他の巻き貝,生鮮,小型底曳網・桁あみ,動力船３トン以上５トン未満,0,2013/02/18,43.3,10948,5,280,250,252.8,,
閖上,コタマガイ,生鮮,小型底曳網・桁あみ,動力船３トン以上５トン未満,0,2013/02/18,50,26594,1,601,385,531.9,,
閖上,コタマガイ,生鮮,小型底曳網・桁あみ,動力船３トン以上５トン未満,0,2013/02/19,185,51200,1,300,230,276.8,,
閖上,アカガイ,生鮮,小型底曳網・桁あみ,動力船３トン以上５トン未満,0,2013/02/20,22.6,69120,1,3300,3000,3058.4,,
閖上,アカガイ,生鮮,小型底曳網・桁あみ,動力船３トン以上５トン未満,0,2013/02/20,75.3,130320,1,2000,1400,1730.7,,
閖上,アカガイ,生鮮,小型底曳網・桁あみ,動力船３トン以上５トン未満,0,2013/02/20,35.1,30350,1,900,800,864.7,,
閖上,アカガイ,生鮮,小型底曳網・桁あみ,動力船３トン以上５トン未満,0,2013/02/20,11,6600,1,600,600,600,,
閖上,その他の巻き貝,生鮮,小型底曳網・桁あみ,動力船３トン以上５トン未満,0,2013/02/20,3,750,1,250,250,250,,
閖上,アカガイ,生鮮,小型底曳網・桁あみ,動力船３トン以上５トン未満,0,2013/02/21,2.5,8640,3,3571,2901,3456,,
閖上,アカガイ,生鮮,小型底曳網・桁あみ,動力船３トン以上５トン未満,0,2013/02/21,212.2,387024,4,3269,1399,1823.9,,
閖上,アカガイ,生鮮,小型底曳網・桁あみ,動力船３トン以上５トン未満,0,2013/02/21,100.5,94116,4,1020,660,936.5,,
閖上,アカガイ,生鮮,小型底曳網・桁あみ,動力船３トン以上５トン未満,0,2013/02/21,44.9,28789,3,686,600,641.2,,
閖上,コタマガイ,生鮮,小型底曳網・桁あみ,動力船３トン以上５トン未満,0,2013/02/21,21,6300,1,300,300,300,,
閖上,アカガイ,生鮮,小型底曳網・桁あみ,動力船３トン以上５トン未満,0,2013/02/22,35.3,82240,4,3333,2000,2329.7,,
閖上,アカガイ,生鮮,小型底曳網・桁あみ,動力船３トン以上５トン未満,0,2013/02/22,264,429811,5,3169,1000,1628.1,,
閖上,アカガイ,生鮮,小型底曳網・桁あみ,動力船３トン以上５トン未満,0,2013/02/22,110.8,106897,5,1069,660,964.8,,
閖上,アカガイ,生鮮,小型底曳網・桁あみ,動力船３トン以上５トン未満,0,2013/02/22,68.8,45807,4,712,531,665.8,,
閖上,その他の巻き貝,生鮮,小型底曳網・桁あみ,動力船３トン以上５トン未満,0,2013/02/22,3,750,1,250,250,250,,
閖上,コタマガイ,生鮮,小型底曳網・桁あみ,動力船３トン以上５トン未満,0,2013/02/22,44,13464,1,306,306,306,,
閖上,アカガイ,生鮮,小型底曳網・桁あみ,動力船３トン以上５トン未満,0,2013/02/25,33.9,81662,5,3871,2100,2408.9,,
閖上,アカガイ,生鮮,小型底曳網・桁あみ,動力船３トン以上５トン未満,0,2013/02/25,286,528636,6,4003,1100,1848.4,,
閖上,アカガイ,生鮮,小型底曳網・桁あみ,動力船３トン以上５トン未満,0,2013/02/25,148.9,169547,6,2500,800,1138.7,,
閖上,アカガイ,生鮮,小型底曳網・桁あみ,動力船３トン以上５トン未満,0,2013/02/25,65.5,48137,4,1000,500,734.9,,
閖上,ヌマガレイ(カワガレイ),生鮮,小型底曳網・桁あみ,動力船３トン以上５トン未満,0,2013/02/27,4.9,1632,1,333,333,333.1,,
閖上,アカガイ,生鮮,小型底曳網・桁あみ,動力船３トン以上５トン未満,0,2013/02/27,27.7,75361,4,4000,2400,2720.6,,
閖上,アカガイ,生鮮,小型底曳網・桁あみ,動力船３トン以上５トン未満,0,2013/02/27,270,462939,6,3444,1300,1714.6,,
閖上,アカガイ,生鮮,小型底曳網・桁あみ,動力船３トン以上５トン未満,0,2013/02/27,167.8,169590,6,1111,600,1010.7,,
閖上,アカガイ,生鮮,小型底曳網・桁あみ,動力船３トン以上５トン未満,0,2013/02/27,72.9,54465,4,851,500,747.1,,
閖上,コタマガイ,生鮮,小型底曳網・桁あみ,動力船３トン以上５トン未満,0,2013/02/27,22,7326,1,333,333,333,,
閖上,アカシタビラメ,生鮮,小型底曳網・桁あみ,動力船３トン以上５トン未満,0,2013/02/28,7.8,1761,4,250,220,225.8,,
閖上,アカガイ,生鮮,小型底曳網・桁あみ,動力船３トン以上５トン未満,0,2013/02/28,32.3,81549,6,3631,2100,2524.7,,
閖上,アカガイ,生鮮,小型底曳網・桁あみ,動力船３トン以上５トン未満,0,2013/02/28,275.8,445618,6,3631,1100,1615.7,,
閖上,アカガイ,生鮮,小型底曳網・桁あみ,動力船３トン以上５トン未満,0,2013/02/28,132.6,111922,6,1060,600,844.1,,
閖上,アカガイ,生鮮,小型底曳網・桁あみ,動力船３トン以上５トン未満,0,2013/02/28,83.4,56839,4,800,501,681.5,,
閖上,マコガレイ,生鮮,小型底曳網・桁あみ,動力船３トン以上５トン未満,0,2013/01/07,5.8,2191,1,400,301,377.8,,
閖上,アカシタビラメ,生鮮,小型底曳網・桁あみ,動力船３トン以上５トン未満,0,2013/01/07,21.6,4036,3,260,100,186.9,,
閖上,アカガイ,生鮮,小型底曳網・桁あみ,動力船３トン以上５トン未満,0,2013/01/07,1.6,5275,2,3731,1739,3296.9,,
閖上,アカガイ,生鮮,小型底曳網・桁あみ,動力船３トン以上５トン未満,0,2013/01/07,27.3,97511,3,3731,1531,3571.8,,
閖上,アカガイ,生鮮,小型底曳網・桁あみ,動力船３トン以上５トン未満,0,2013/01/07,10.7,26778,2,3333,2039,2502.6,,
閖上,アカガイ,生鮮,小型底曳網・桁あみ,動力船３トン以上５トン未満,0,2013/01/07,344,807355,3,3650,1719,2347,,
閖上,アカガイ,生鮮,小型底曳網・桁あみ,動力船３トン以上５トン未満,0,2013/01/07,16.9,19796,2,2001,300,1171.4,,
閖上,アカガイ,生鮮,小型底曳網・桁あみ,動力船３トン以上５トン未満,0,2013/01/07,198.1,172159,3,950,730,869.1,,
閖上,アカガイ,生鮮,小型底曳網・桁あみ,動力船３トン以上５トン未満,0,2013/01/07,30.5,22126,3,800,650,725.4,,
閖上,その他の巻き貝,生鮮,小型底曳網・桁あみ,動力船３トン以上５トン未満,0,2013/01/07,3,999,1,333,333,333,,
閖上,その他の巻き貝,生鮮,小型底曳網・桁あみ,動力船３トン以上５トン未満,0,2013/01/07,103.9,34536,3,333,330,332.4,,
閖上,コタマガイ,生鮮,小型底曳網・桁あみ,動力船３トン以上５トン未満,0,2013/01/07,180,79930,3,451,441,444.1,,
閖上,マコガレイ,生鮮,小型底曳網・桁あみ,動力船３トン以上５トン未満,0,2013/01/09,5,1500,1,300,300,300,,
閖上,アカシタビラメ,生鮮,小型底曳網・桁あみ,動力船３トン以上５トン未満,0,2013/01/09,12.9,2335,3,250,150,181,,
閖上,アカガイ,生鮮,小型底曳網・桁あみ,動力船３トン以上５トン未満,0,2013/01/09,14.9,53659,3,3741,2500,3601.3,,
閖上,アカシタビラメ,生鮮,小型底曳網・桁あみ,動力船３トン以上５トン未満,0,2013/01/17,14,3580,3,260,250,255.7,,
閖上,アカガイ,生鮮,小型底曳網・桁あみ,動力船３トン以上５トン未満,0,2013/01/17,23.5,43139,5,2200,600,1835.7,,
閖上,アカガイ,生鮮,小型底曳網・桁あみ,動力船３トン以上５トン未満,0,2013/01/17,263.3,295765,5,1839,781,1123.3,,
閖上,アカガイ,生鮮,小型底曳網・桁あみ,動力船３トン以上５トン未満,0,2013/01/17,94,71758,5,800,600,763.4,,
閖上,アカガイ,生鮮,小型底曳網・桁あみ,動力船３トン以上５トン未満,0,2013/01/17,33.5,16939,3,521,500,505.6,,
閖上,その他の巻き貝,生鮮,小型底曳網・桁あみ,動力船３トン以上５トン未満,0,2013/01/17,2.5,750,1,300,300,300,,
閖上,アカシタビラメ,生鮮,小型底曳網・桁あみ,動力船３トン以上５トン未満,0,2013/01/21,28.3,6230,3,260,150,220.1,,
閖上,アカガイ,生鮮,小型底曳網・桁あみ,動力船３トン以上５トン未満,0,2013/01/21,53,105541,5,2609,800,1991.3,,
閖上,アカガイ,生鮮,小型底曳網・桁あみ,動力船３トン以上５トン未満,0,2013/01/21,506.8,664880,5,2411,630,1311.9,,
閖上,アカガイ,生鮮,小型底曳網・桁あみ,動力船３トン以上５トン未満,0,2013/01/21,174.5,121783,5,780,300,697.9,,
閖上,アカガイ,生鮮,小型底曳網・桁あみ,動力船３トン以上５トン未満,0,2013/01/21,79.9,47001,3,611,500,588.2,,
閖上,コタマガイ,生鮮,小型底曳網・桁あみ,動力船３トン以上５トン未満,0,2013/01/21,218,94983,3,486,401,435.7,,
閖上,アカシタビラメ,生鮮,小型底曳網・桁あみ,動力船３トン以上５トン未満,0,2013/01/22,8,1500,2,250,150,187.5,,
閖上,アカガイ,生鮮,小型底曳網・桁あみ,動力船３トン以上５トン未満,0,2013/01/22,23.3,57965,3,2749,2000,2487.8,,
閖上,アカガイ,生鮮,小型底曳網・桁あみ,動力船３トン以上５トン未満,0,2013/01/22,222.4,289235,3,2801,869,1300.5,,
閖上,アカガイ,生鮮,小型底曳網・桁あみ,動力船３トン以上５トン未満,0,2013/01/22,75.8,51698,3,800,600,682,,
閖上,アカガイ,生鮮,小型底曳網・桁あみ,動力船３トン以上５トン未満,0,2013/01/22,36.2,22029,3,616,600,608.5,,
閖上,その他の巻き貝,生鮮,小型底曳網・桁あみ,動力船３トン以上５トン未満,0,2013/01/22,4,2000,1,500,500,500,,
閖上,アカシタビラメ,生鮮,小型底曳網・桁あみ,動力船３トン以上５トン未満,0,2013/01/24,14.4,3684,2,260,250,255.8,,
閖上,アカガイ,生鮮,小型底曳網・桁あみ,動力船３トン以上５トン未満,0,2013/01/24,41.3,102093,5,3209,911,2472,,
閖上,アカガイ,生鮮,小型底曳網・桁あみ,動力船３トン以上５トン未満,0,2013/01/24,241.2,373265,5,2809,900,1547.5,,
閖上,アカガイ,生鮮,小型底曳網・桁あみ,動力船３トン以上５トン未満,0,2013/01/24,47.3,37781,5,869,630,798.8,,
閖上,アカガイ,生鮮,小型底曳網・桁あみ,動力船３トン以上５トン未満,0,2013/01/24,28.2,17880,3,650,600,634,,
閖上,アカシタビラメ,生鮮,小型底曳網・桁あみ,動力船３トン以上５トン未満,0,2013/01/25,17.6,4536,3,260,250,257.7,,
閖上,アカガイ,生鮮,小型底曳網・桁あみ,動力船３トン以上５トン未満,0,2013/01/09,13.1,25092,1,3341,1581,1915.4,,
閖上,アカガイ,生鮮,小型底曳網・桁あみ,動力船３トン以上５トン未満,0,2013/01/09,179.1,382985,3,3289,1639,2138.4,,
閖上,アカガイ,生鮮,小型底曳網・桁あみ,動力船３トン以上５トン未満,0,2013/01/09,11.6,9112,1,797,727,785.5,,
閖上,アカガイ,生鮮,小型底曳網・桁あみ,動力船３トン以上５トン未満,0,2013/01/09,130.8,105631,3,1200,600,807.6,,
閖上,アカガイ,生鮮,小型底曳網・桁あみ,動力船３トン以上５トン未満,0,2013/01/09,25.8,16216,3,700,600,628.5,,
閖上,その他の巻き貝,生鮮,小型底曳網・桁あみ,動力船３トン以上５トン未満,0,2013/01/09,40.6,12707,3,330,303,313,,
閖上,コタマガイ,生鮮,小型底曳網・桁あみ,動力船３トン以上５トン未満,0,2013/01/09,109,33354,2,306,306,306,,
閖上,アカシタビラメ,生鮮,小型底曳網・桁あみ,動力船３トン以上５トン未満,0,2013/01/10,9.3,2378,3,260,250,255.7,,
閖上,アカガイ,生鮮,小型底曳網・桁あみ,動力船３トン以上５トン未満,0,2013/01/10,52.7,149530,3,3500,1530,2837.4,,
閖上,アカガイ,生鮮,小型底曳網・桁あみ,動力船３トン以上５トン未満,0,2013/01/10,12.6,18627,1,2469,1239,1478.3,,
閖上,アカガイ,生鮮,小型底曳網・桁あみ,動力船３トン以上５トン未満,0,2013/01/10,222.6,392135,3,2469,1200,1761.6,,
閖上,アカガイ,生鮮,小型底曳網・桁あみ,動力船３トン以上５トン未満,0,2013/01/10,16.4,11618,1,781,400,708.4,,
閖上,アカガイ,生鮮,小型底曳網・桁あみ,動力船３トン以上５トン未満,0,2013/01/10,37.2,29690,3,800,750,798.1,,
閖上,アカガイ,生鮮,小型底曳網・桁あみ,動力船３トン以上５トン未満,0,2013/01/10,32.3,20997,3,701,600,650.1,,
閖上,その他の巻き貝,生鮮,小型底曳網・桁あみ,動力船３トン以上５トン未満,0,2013/01/10,21,6703,3,331,300,319.2,,
閖上,コタマガイ,生鮮,小型底曳網・桁あみ,動力船３トン以上５トン未満,0,2013/01/10,123,40959,2,333,333,333,,
閖上,マコガレイ,生鮮,小型底曳網・桁あみ,動力船３トン以上５トン未満,0,2013/01/11,6.5,1625,1,250,250,250,,
閖上,アカシタビラメ,生鮮,小型底曳網・桁あみ,動力船３トン以上５トン未満,0,2013/01/11,10,2550,3,260,250,255,,
閖上,アカガイ,生鮮,小型底曳網・桁あみ,動力船３トン以上５トン未満,0,2013/01/11,0.4,1084,1,2710,2710,2710,,
閖上,アカガイ,生鮮,小型底曳網・桁あみ,動力船３トン以上５トン未満,0,2013/01/11,33.4,86839,3,2710,1510,2600,,
閖上,アカガイ,生鮮,小型底曳網・桁あみ,動力船３トン以上５トン未満,0,2013/01/11,9.4,12682,1,2011,1150,1349.1,,
閖上,アカガイ,生鮮,小型底曳網・桁あみ,動力船３トン以上５トン未満,0,2013/01/11,278,462750,3,2311,1169,1664.6,,
閖上,アカガイ,生鮮,小型底曳網・桁あみ,動力船３トン以上５トン未満,0,2013/01/11,7.8,5110,1,710,300,655.1,,
閖上,アカガイ,生鮮,小型底曳網・桁あみ,動力船３トン以上５トン未満,0,2013/01/11,55.4,46790,3,1100,600,844.6,,
閖上,アカガイ,生鮮,小型底曳網・桁あみ,動力船３トン以上５トン未満,0,2013/01/11,39.4,25697,3,700,630,652.2,,
閖上,その他の巻き貝,生鮮,小型底曳網・桁あみ,動力船３トン以上５トン未満,0,2013/01/11,9.9,3210,2,330,300,324.2,,
閖上,コタマガイ,生鮮,小型底曳網・桁あみ,動力船３トン以上５トン未満,0,2013/01/11,81,27216,2,336,336,336,,
閖上,コチ,生鮮,小型底曳網・桁あみ,動力船３トン以上５トン未満,0,2013/01/11,1,301,1,301,301,301,,
閖上,アカシタビラメ,生鮮,小型底曳網・桁あみ,動力船３トン以上５トン未満,0,2013/01/15,4,1000,1,250,250,250,,
閖上,アカガイ,生鮮,小型底曳網・桁あみ,動力船３トン以上５トン未満,0,2013/01/15,17.2,42768,3,2700,1803,2486.5,,
閖上,アカガイ,生鮮,小型底曳網・桁あみ,動力船３トン以上５トン未満,0,2013/01/15,265.6,331013,3,2200,901,1246.3,,
閖上,アカガイ,生鮮,小型底曳網・桁あみ,動力船３トン以上５トン未満,0,2013/01/15,88.3,69356,3,1100,500,785.5,,
閖上,アカガイ,生鮮,小型底曳網・桁あみ,動力船３トン以上５トン未満,0,2013/01/15,42.1,22250,3,600,500,528.5,,
閖上,その他の巻き貝,生鮮,小型底曳網・桁あみ,動力船３トン以上５トン未満,0,2013/01/15,2,600,1,300,300,300,,
閖上,アカガイ,生鮮,小型底曳網・桁あみ,動力船３トン以上５トン未満,0,2013/01/25,38,110421,5,3200,1819,2905.8,,
閖上,アカガイ,生鮮,小型底曳網・桁あみ,動力船３トン以上５トン未満,0,2013/01/25,216.5,347241,5,2739,951,1603.9,,
閖上,アカガイ,生鮮,小型底曳網・桁あみ,動力船３トン以上５トン未満,0,2013/01/25,55.9,46507,5,880,500,832,,
閖上,アカガイ,生鮮,小型底曳網・桁あみ,動力船３トン以上５トン未満,0,2013/01/25,16.4,10240,3,650,600,624.4,,
閖上,その他の巻き貝,生鮮,小型底曳網・桁あみ,動力船３トン以上５トン未満,0,2013/01/25,26.4,11380,3,450,400,431.1,,
閖上,コタマガイ,生鮮,小型底曳網・桁あみ,動力船３トン以上５トン未満,0,2013/01/25,325,76400,1,310,170,235.1,,
閖上,アカシタビラメ,生鮮,小型底曳網・桁あみ,動力船３トン以上５トン未満,0,2013/01/28,11.6,2966,3,260,250,255.7,,
閖上,アカガイ,生鮮,小型底曳網・桁あみ,動力船３トン以上５トン未満,0,2013/01/28,42.7,126051,4,3289,1900,2952,,
閖上,アカガイ,生鮮,小型底曳網・桁あみ,動力船３トン以上５トン未満,0,2013/01/28,265.2,475234,5,2839,1200,1792,,
閖上,アカガイ,生鮮,小型底曳網・桁あみ,動力船３トン以上５トン未満,0,2013/01/28,50.7,45640,5,1059,660,900.2,,
閖上,アカガイ,生鮮,小型底曳網・桁あみ,動力船３トン以上５トン未満,0,2013/01/28,38.8,24071,3,651,600,620.4,,
閖上,その他の巻き貝,生鮮,小型底曳網・桁あみ,動力船３トン以上５トン未満,0,2013/01/28,20.5,8725,3,450,410,425.6,,
閖上,コタマガイ,生鮮,小型底曳網・桁あみ,動力船３トン以上５トン未満,0,2013/01/28,43,21758,2,506,506,506,,
閖上,アカシタビラメ,生鮮,小型底曳網・桁あみ,動力船３トン以上５トン未満,0,2013/01/29,11.7,2997,3,260,250,256.2,,
閖上,アカガイ,生鮮,小型底曳網・桁あみ,動力船３トン以上５トン未満,0,2013/01/29,48.4,131818,4,3200,1911,2723.5,,
閖上,アカガイ,生鮮,小型底曳網・桁あみ,動力船３トン以上５トン未満,0,2013/01/29,240.6,405240,4,3000,1210,1684.3,,
閖上,アカガイ,生鮮,小型底曳網・桁あみ,動力船３トン以上５トン未満,0,2013/01/29,40,34829,4,1000,660,870.7,,
閖上,アカガイ,生鮮,小型底曳網・桁あみ,動力船３トン以上５トン未満,0,2013/01/29,44.6,28368,3,650,630,636.1,,
閖上,その他の巻き貝,生鮮,小型底曳網・桁あみ,動力船３トン以上５トン未満,0,2013/01/29,19.6,8036,3,410,410,410,,
閖上,コタマガイ,生鮮,小型底曳網・桁あみ,動力船３トン以上５トン未満,0,2013/01/29,55,24805,1,451,451,451,,
閖上,アカシタビラメ,生鮮,小型底曳網・桁あみ,動力船３トン以上５トン未満,0,2013/01/30,13,3330,3,260,250,256.2,,
閖上,アカガイ,生鮮,小型底曳網・桁あみ,動力船３トン以上５トン未満,0,2013/01/30,47.4,116019,3,2500,2009,2447.7,,
閖上,アカガイ,生鮮,小型底曳網・桁あみ,動力船３トン以上５トン未満,0,2013/01/30,116.3,218611,4,2739,1300,1879.7,,
閖上,アカガイ,生鮮,小型底曳網・桁あみ,動力船３トン以上５トン未満,0,2013/01/30,36.9,36246,4,1100,720,982.3,,
閖上,アカガイ,生鮮,小型底曳網・桁あみ,動力船３トン以上５トン未満,0,2013/01/30,20.1,12465,3,650,600,620.1,,
閖上,その他の巻き貝,生鮮,小型底曳網・桁あみ,動力船３トン以上５トン未満,0,2013/01/30,17.5,7291,3,421,410,416.6,,
閖上,アカシタビラメ,生鮮,小型底曳網・桁あみ,動力船３トン以上５トン未満,0,2013/01/31,25.4,6549,3,260,250,257.8,,
閖上,アカガイ,生鮮,小型底曳網・桁あみ,動力船３トン以上５トン未満,0,2013/01/31,31,84403,4,2800,2001,2722.7,,
閖上,アカガイ,生鮮,小型底曳網・桁あみ,動力船３トン以上５トン未満,0,2013/01/31,184.1,317891,4,2409,1269,1726.7,,
閖上,アカガイ,生鮮,小型底曳網・桁あみ,動力船３トン以上５トン未満,0,2013/01/31,53.4,54911,4,1600,739,1028.3,,
閖上,アカガイ,生鮮,小型底曳網・桁あみ,動力船３トン以上５トン未満,0,2013/01/31,15.3,9809,3,650,639,641.1,,
閖上,その他の巻き貝,生鮮,小型底曳網・桁あみ,動力船３トン以上５トン未満,0,2013/01/31,11.4,4550,2,420,350,399.1,,
閖上,アカシタビラメ,生鮮,小型底曳網・桁あみ,動力船３トン以上５トン未満,0,2013/02/01,32.6,8351,3,260,250,256.2,,
閖上,アカガイ,生鮮,小型底曳網・桁あみ,動力船３トン以上５トン未満,0,2013/02/01,40.2,99049,4,2519,2010,2463.9,,
閖上,アカガイ,生鮮,小型底曳網・桁あみ,動力船３トン以上５トン未満,0,2013/02/01,199.3,336522,4,2419,1289,1688.5,,
閖上,アカガイ,生鮮,小型底曳網・桁あみ,動力船３トン以上５トン未満,0,2013/02/01,45.7,37828,4,1100,710,827.7,,
閖上,アカガイ,生鮮,小型底曳網・桁あみ,動力船３トン以上５トン未満,0,2013/02/01,16.5,10275,3,639,600,622.7,,
閖上,その他の巻き貝,生鮮,小型底曳網・桁あみ,動力船３トン以上５トン未満,0,2013/02/01,11.5,3842,3,360,321,334.1,,
閖上,コタマガイ,生鮮,小型底曳網・桁あみ,動力船３トン以上５トン未満,0,2013/02/01,35,17535,1,501,501,501,,
閖上,アカシタビラメ,生鮮,小型底曳網・桁あみ,動力船３トン以上５トン未満,0,2013/02/04,31.3,6985,3,250,200,223.2,,
閖上,アカガイ,生鮮,小型底曳網・桁あみ,動力船３トン以上５トン未満,0,2013/02/04,40.6,100527,5,2500,1969,2476,,
閖上,アカガイ,生鮮,小型底曳網・桁あみ,動力船３トン以上５トン未満,0,2013/02/04,248.5,410226,5,2529,1261,1650.8,,
閖上,アカガイ,生鮮,小型底曳網・桁あみ,動力船３トン以上５トン未満,0,2013/02/04,56.1,51893,5,1010,750,925,,
閖上,アカガイ,生鮮,小型底曳網・桁あみ,動力船３トン以上５トン未満,0,2013/02/04,21.6,13774,3,651,600,637.7,,
閖上,その他の巻き貝,生鮮,小型底曳網・桁あみ,動力船３トン以上５トン未満,0,2013/02/04,27.6,6640,4,360,200,240.6,,
閖上,コタマガイ,生鮮,小型底曳網・桁あみ,動力船３トン以上５トン未満,0,2013/02/04,95,42845,3,451,451,451,,
閖上,アカシタビラメ,生鮮,小型底曳網・桁あみ,動力船３トン以上５トン未満,0,2013/02/06,37.9,7830,3,251,156,206.6,,
閖上,アカガイ,生鮮,小型底曳網・桁あみ,動力船３トン以上５トン未満,0,2013/02/06,34.6,87810,3,2769,2500,2537.9,,
閖上,アカガイ,生鮮,小型底曳網・桁あみ,動力船３トン以上５トン未満,0,2013/02/06,255.2,426974,3,2639,1300,1673.1,,
閖上,アカガイ,生鮮,小型底曳網・桁あみ,動力船３トン以上５トン未満,0,2013/02/06,67.1,61522,3,1100,721,916.9,,
閖上,アカガイ,生鮮,小型底曳網・桁あみ,動力船３トン以上５トン未満,0,2013/02/06,21.2,13587,3,661,600,640.9,,
閖上,その他の巻き貝,生鮮,小型底曳網・桁あみ,動力船３トン以上５トン未満,0,2013/02/06,2.1,527,1,251,251,251,,
閖上,コタマガイ,生鮮,小型底曳網・桁あみ,動力船３トン以上５トン未満,0,2013/02/06,61,28548,2,468,468,468,,
閖上,アカシタビラメ,生鮮,小型底曳網・桁あみ,動力船３トン以上５トン未満,0,2013/02/07,21.9,5574,3,260,250,254.5,,
閖上,アカガイ,生鮮,小型底曳網・桁あみ,動力船３トン以上５トン未満,0,2013/02/07,61.6,138021,5,2801,1700,2240.6,,
閖上,アカガイ,生鮮,小型底曳網・桁あみ,動力船３トン以上５トン未満,0,2013/02/07,252.4,398562,5,2669,1000,1579.1,,
閖上,アカガイ,生鮮,小型底曳網・桁あみ,動力船３トン以上５トン未満,0,2013/02/07,84.6,76439,5,979,730,903.5,,
閖上,アカガイ,生鮮,小型底曳網・桁あみ,動力船３トン以上５トン未満,0,2013/02/07,17.2,12672,3,801,600,736.7,,
閖上,アカシタビラメ,生鮮,小型底曳網・桁あみ,動力船３トン以上５トン未満,0,2013/02/12,60.7,11109,3,250,161,183,,
閖上,アカガイ,生鮮,小型底曳網・桁あみ,動力船３トン以上５トン未満,0,2013/02/12,78.3,167985,5,3500,1600,2145.4,,
閖上,アカガイ,生鮮,小型底曳網・桁あみ,動力船３トン以上５トン未満,0,2013/02/12,505.4,766641,5,3001,900,1516.9,,
閖上,アカガイ,生鮮,小型底曳網・桁あみ,動力船３トン以上５トン未満,0,2013/02/12,223.8,199476,5,1001,700,891.3,,
閖上,アカガイ,生鮮,小型底曳網・桁あみ,動力船３トン以上５トン未満,0,2013/02/12,45,29549,3,700,600,656.6,,
閖上,ヒラメ累計,生鮮,小型底曳網・桁あみ,動力船３トン以上５トン未満,0,2013/09/18,2.2,1430,1,650,650,650,,
閖上,アカシタビラメ,生鮮,小型底曳網・桁あみ,動力船３トン以上５トン未満,0,2013/09/30,24.9,8560,6,345,340,343.8,,
閖上,アカガイ,生鮮,小型底曳網・桁あみ,動力船３トン以上５トン未満,0,2013/09/30,63.9,193642,10,3103,310,3030.4,,
閖上,アカガイ,生鮮,小型底曳網・桁あみ,動力船３トン以上５トン未満,0,2013/09/30,1031.4,2048889,10,3069,1700,1986.5,,
閖上,アカガイ,生鮮,小型底曳網・桁あみ,動力船３トン以上５トン未満,0,2013/09/30,375.9,554151,10,1770,1065,1474.2,,
閖上,アカガイ,生鮮,小型底曳網・桁あみ,動力船３トン以上５トン未満,0,2013/09/30,198.1,118860,10,600,600,600,,
閖上,その他の巻き貝,生鮮,小型底曳網・桁あみ,動力船３トン以上５トン未満,0,2013/09/30,129.5,65365,9,550,500,504.7,,
閖上,ガザミ,生鮮,小型底曳網・桁あみ,動力船３トン以上５トン未満,0,2013/09/30,33.3,6294,5,300,180,189,,
閖上,ヒラメ累計,生鮮,小型底曳網・桁あみ,動力船３トン以上５トン未満,0,2013/06/05,4.5,1350,1,300,300,300,,
閖上,アカシタビラメ,生鮮,小型底曳網・桁あみ,動力船３トン以上５トン未満,0,2013/06/21,42.4,7712,7,200,180,181.9,,
閖上,アカガイ,生鮮,小型底曳網・桁あみ,動力船３トン以上５トン未満,0,2013/06/21,14.9,40522,9,2969,2600,2719.6,,
閖上,アカガイ,生鮮,小型底曳網・桁あみ,動力船３トン以上５トン未満,0,2013/06/21,685.9,1190894,10,2830,1531,1736.3,,
閖上,アカガイ,生鮮,小型底曳網・桁あみ,動力船３トン以上５トン未満,0,2013/06/21,299.8,382315,10,1400,861,1275.2,,
閖上,アカガイ,生鮮,小型底曳網・桁あみ,動力船３トン以上５トン未満,0,2013/06/21,75.7,54293,9,750,700,717.2,,
閖上,コタマガイ,生鮮,小型底曳網・桁あみ,動力船３トン以上５トン未満,0,2013/06/21,117,39897,2,341,341,341,,
閖上,アカシタビラメ,生鮮,小型底曳網・桁あみ,動力船３トン以上５トン未満,0,2013/06/24,45.4,8094,6,210,160,178.3,,
閖上,アカガイ,生鮮,小型底曳網・桁あみ,動力船３トン以上５トン未満,0,2013/06/24,23.2,62830,11,2889,2000,2708.2,,
閖上,アカガイ,生鮮,小型底曳網・桁あみ,動力船３トン以上５トン未満,0,2013/06/24,939.4,1621576,11,2693,1500,1726.2,,
閖上,アカガイ,生鮮,小型底曳網・桁あみ,動力船３トン以上５トン未満,0,2013/06/24,392.6,496905,11,1430,900,1265.7,,
閖上,アカガイ,生鮮,小型底曳網・桁あみ,動力船３トン以上５トン未満,0,2013/06/24,141.5,99398,10,780,500,702.5,,
閖上,コタマガイ,生鮮,小型底曳網・桁あみ,動力船３トン以上５トン未満,0,2013/06/24,163,56916,2,360,339,349.2,,
閖上,アカシタビラメ,生鮮,小型底曳網・桁あみ,動力船３トン以上５トン未満,0,2013/06/27,67.3,11348,10,200,160,168.6,,
閖上,アカガイ,生鮮,小型底曳網・桁あみ,動力船３トン以上５トン未満,0,2013/06/27,29.2,74072,9,2700,2001,2536.7,,
閖上,アカガイ,生鮮,小型底曳網・桁あみ,動力船３トン以上５トン未満,0,2013/06/27,609.2,1033819,11,2480,1500,1697,,
閖上,アカガイ,生鮮,小型底曳網・桁あみ,動力船３トン以上５トン未満,0,2013/06/27,322,391128,11,1400,861,1214.7,,
閖上,アカガイ,生鮮,小型底曳網・桁あみ,動力船３トン以上５トン未満,0,2013/06/27,71.5,52167,9,751,700,729.6,,
閖上,アカシタビラメ,生鮮,小型底曳網・桁あみ,動力船３トン以上５トン未満,0,2013/06/28,43.3,6928,8,160,160,160,,
閖上,アカガイ,生鮮,小型底曳網・桁あみ,動力船３トン以上５トン未満,0,2013/06/28,17.9,45535,7,2619,2500,2543.9,,
閖上,アカガイ,生鮮,小型底曳網・桁あみ,動力船３トン以上５トン未満,0,2013/06/28,403.7,672422,10,2569,1500,1665.6,,
閖上,アカガイ,生鮮,小型底曳網・桁あみ,動力船３トン以上５トン未満,0,2013/06/28,217.6,268883,10,1342,800,1235.7,,
閖上,アカガイ,生鮮,小型底曳網・桁あみ,動力船３トン以上５トン未満,0,2013/06/28,37.4,26267,9,751,700,702.3,,
閖上,アカシタビラメ,生鮮,小型底曳網・桁あみ,動力船３トン以上５トン未満,0,2013/07/01,68.1,12158,7,180,160,178.5,,
閖上,アカガイ,生鮮,小型底曳網・桁あみ,動力船３トン以上５トン未満,0,2013/07/01,29.4,79467,10,3069,1800,2703,,
閖上,アカガイ,生鮮,小型底曳網・桁あみ,動力船３トン以上５トン未満,0,2013/07/01,570.3,1139300,11,3000,1600,1997.7,,
閖上,アカガイ,生鮮,小型底曳網・桁あみ,動力船３トン以上５トン未満,0,2013/07/01,361.5,526913,11,1700,900,1457.6,,
閖上,アカガイ,生鮮,小型底曳網・桁あみ,動力船３トン以上５トン未満,0,2013/07/01,33.3,26518,5,850,700,796.3,,
閖上,その他の巻き貝,生鮮,小型底曳網・桁あみ,動力船３トン以上５トン未満,0,2013/07/01,2,1200,1,600,600,600,,
閖上,コタマガイ,生鮮,小型底曳網・桁あみ,動力船３トン以上５トン未満,0,2013/07/01,26,20800,1,800,800,800,,
閖上,アカガイ,生鮮,小型底曳網・桁あみ,動力船３トン以上５トン未満,0,2013/09/17,11.4,31920,2,2800,2800,2800,,
閖上,アカガイ,生鮮,小型底曳網・桁あみ,動力船３トン以上５トン未満,0,2013/09/17,71.6,123430,2,1800,1600,1723.9,,
閖上,アカガイ,生鮮,小型底曳網・桁あみ,動力船３トン以上５トン未満,0,2013/09/17,5.5,6050,2,1100,1100,1100,,
閖上,アカガイ,生鮮,小型底曳網・桁あみ,動力船３トン以上５トン未満,0,2013/09/17,6.5,4550,1,700,700,700,,
閖上,その他の巻き貝,生鮮,小型底曳網・桁あみ,動力船３トン以上５トン未満,0,2013/09/17,14,5740,2,410,410,410,,
閖上,コタマガイ,生鮮,小型底曳網・桁あみ,動力船３トン以上５トン未満,0,2013/09/17,8,6400,1,800,800,800,,
閖上,ヒラメ累計,生鮮,小型底曳網・桁あみ,動力船３トン以上５トン未満,0,2013/09/12,11.6,4920,3,500,400,424,,
閖上,アカシタビラメ,生鮮,小型底曳網・桁あみ,動力船３トン以上５トン未満,0,2013/09/20,6.8,2193,5,341,300,322.5,,
閖上,アカガイ,生鮮,小型底曳網・桁あみ,動力船３トン以上５トン未満,0,2013/09/20,12.4,36093,7,2969,2900,2910.7,,
閖上,アカガイ,生鮮,小型底曳網・桁あみ,動力船３トン以上５トン未満,0,2013/09/20,482.7,924304,10,2899,1700,1914.9,,
閖上,アカガイ,生鮮,小型底曳網・桁あみ,動力船３トン以上５トン未満,0,2013/09/20,178.2,283788,10,1769,1001,1592.5,,
閖上,アカガイ,生鮮,小型底曳網・桁あみ,動力船３トン以上５トン未満,0,2013/09/20,72.8,52191,9,751,700,716.9,,
閖上,その他の巻き貝,生鮮,小型底曳網・桁あみ,動力船３トン以上５トン未満,0,2013/09/20,5.5,2550,4,500,400,463.6,,
閖上,ガザミ,生鮮,小型底曳網・桁あみ,動力船３トン以上５トン未満,0,2013/09/20,2,400,1,200,200,200,,
閖上,ひらめ,生鮮,小型底曳網・桁あみ,動力船３トン以上５トン未満,0,2013/09/20,2.3,1840,1,800,800,800,,
閖上,アカシタビラメ,生鮮,小型底曳網・桁あみ,動力船３トン以上５トン未満,0,2013/09/05,56.3,18319,9,331,320,325.4,,
閖上,アカガイ,生鮮,小型底曳網・桁あみ,動力船３トン以上５トン未満,0,2013/09/05,15,44500,9,3031,2100,2966.7,,
閖上,アカガイ,生鮮,小型底曳網・桁あみ,動力船３トン以上５トン未満,0,2013/09/05,406,722651,10,2889,1500,1779.9,,
閖上,アカガイ,生鮮,小型底曳網・桁あみ,動力船３トン以上５トン未満,0,2013/09/05,171.9,216913,10,1569,861,1261.9,,
閖上,アカガイ,生鮮,小型底曳網・桁あみ,動力船３トン以上５トン未満,0,2013/09/05,55.6,46223,10,851,800,831.3,,
閖上,その他の巻き貝,生鮮,小型底曳網・桁あみ,動力船３トン以上５トン未満,0,2013/09/05,8.3,4150,5,500,500,500,,
閖上,ガザミ,生鮮,小型底曳網・桁あみ,動力船３トン以上５トン未満,0,2013/09/05,8.8,2455,3,350,100,279,,
閖上,コチ,生鮮,小型底曳網・桁あみ,動力船３トン以上５トン未満,0,2013/09/05,5.3,1060,2,200,200,200,,
閖上,ひらめ,生鮮,小型底曳網・桁あみ,動力船３トン以上５トン未満,0,2013/09/05,24.8,8680,5,400,300,350,,
閖上,ヒラメ累計,生鮮,小型底曳網・桁あみ,動力船３トン以上５トン未満,0,2013/09/11,12.4,7584,4,801,500,612,,
閖上,ヒラメ累計,生鮮,小型底曳網・桁あみ,動力船３トン以上５トン未満,0,2013/09/20,2.3,1840,1,800,800,800,,
閖上,アカシタビラメ,生鮮,小型底曳網・桁あみ,動力船３トン以上５トン未満,0,2013/09/13,12.5,4115,6,340,310,329.2,,
閖上,アカガイ,生鮮,小型底曳網・桁あみ,動力船３トン以上５トン未満,0,2013/09/13,32.5,89060,10,2893,2700,2740.3,,
閖上,アカガイ,生鮮,小型底曳網・桁あみ,動力船３トン以上５トン未満,0,2013/09/13,386.3,708376,10,2893,1600,1833.7,,
閖上,アカガイ,生鮮,小型底曳網・桁あみ,動力船３トン以上５トン未満,0,2013/09/13,87.3,118727,10,1689,900,1360,,
閖上,アカガイ,生鮮,小型底曳網・桁あみ,動力船３トン以上５トン未満,0,2013/09/13,54.3,39240,9,800,700,722.7,,
閖上,その他の巻き貝,生鮮,小型底曳網・桁あみ,動力船３トン以上５トン未満,0,2013/09/13,81.6,33071,10,410,400,405.3,,
閖上,ガザミ,生鮮,小型底曳網・桁あみ,動力船３トン以上５トン未満,0,2013/09/13,4,1200,1,300,300,300,,
閖上,コチ,生鮮,小型底曳網・桁あみ,動力船３トン以上５トン未満,0,2013/09/13,1.2,240,1,200,200,200,,
閖上,ひらめ,生鮮,小型底曳網・桁あみ,動力船３トン以上５トン未満,0,2013/09/13,8,3200,1,400,400,400,,
閖上,ヒラメ累計,生鮮,小型底曳網・桁あみ,動力船３トン以上５トン未満,0,2013/09/04,21.7,6587,6,305,300,304,,
閖上,ヒラメ累計,生鮮,小型底曳網・桁あみ,動力船３トン以上５トン未満,0,2013/09/03,12,6150,2,600,300,512,,
閖上,ヒラメ累計,生鮮,小型底曳網・桁あみ,動力船３トン以上５トン未満,0,2013/09/02,11.7,3500,3,350,200,299,,
閖上,アカガイ,生鮮,小型底曳網・桁あみ,動力船３トン以上５トン未満,0,2013/10/02,3.7,14624,4,3100,310,3952.4,,
閖上,アカガイ,生鮮,小型底曳網・桁あみ,動力船３トン以上５トン未満,0,2013/10/02,269.6,445238,10,2899,1400,1651.5,,
閖上,アカガイ,生鮮,小型底曳網・桁あみ,動力船３トン以上５トン未満,0,2013/10/02,197.2,282771,10,1769,150,1433.9,,
閖上,アカガイ,生鮮,小型底曳網・桁あみ,動力船３トン以上５トン未満,0,2013/10/02,54.8,32880,10,600,600,600,,
閖上,アカシタビラメ,生鮮,小型底曳網・桁あみ,動力船３トン以上５トン未満,0,2013/09/04,50.9,16168,8,320,300,317.6,,
閖上,アカガイ,生鮮,小型底曳網・桁あみ,動力船３トン以上５トン未満,0,2013/09/04,9.4,26648,6,3200,2800,2834.9,,
閖上,アカガイ,生鮮,小型底曳網・桁あみ,動力船３トン以上５トン未満,0,2013/09/04,427.9,762014,10,3069,1500,1780.8,,
閖上,アカガイ,生鮮,小型底曳網・桁あみ,動力船３トン以上５トン未満,0,2013/09/04,215.1,279200,10,1480,930,1298,,
閖上,アカガイ,生鮮,小型底曳網・桁あみ,動力船３トン以上５トン未満,0,2013/09/04,70.4,60746,10,900,856,862.9,,
閖上,ガザミ,生鮮,小型底曳網・桁あみ,動力船３トン以上５トン未満,0,2013/09/04,7,1950,2,350,100,278.6,,
閖上,コチ,生鮮,小型底曳網・桁あみ,動力船３トン以上５トン未満,0,2013/09/04,7,1400,2,200,200,200,,
閖上,ひらめ,生鮮,小型底曳網・桁あみ,動力船３トン以上５トン未満,0,2013/09/04,21.7,6587,6,305,300,303.5,,
閖上,アカシタビラメ,生鮮,小型底曳網・桁あみ,動力船３トン以上５トン未満,0,2013/09/18,27.3,8927,7,350,321,327,,
閖上,アカガイ,生鮮,小型底曳網・桁あみ,動力船３トン以上５トン未満,0,2013/09/18,9.6,30563,8,3269,3010,3183.6,,
閖上,アカガイ,生鮮,小型底曳網・桁あみ,動力船３トン以上５トン未満,0,2013/09/18,464.2,956555,8,3169,1839,2060.7,,
閖上,アカガイ,生鮮,小型底曳網・桁あみ,動力船３トン以上５トン未満,0,2013/09/18,177.3,289308,8,1820,1180,1631.7,,
閖上,アカガイ,生鮮,小型底曳網・桁あみ,動力船３トン以上５トン未満,0,2013/09/18,97.5,70343,8,800,700,721.5,,
閖上,その他の巻き貝,生鮮,小型底曳網・桁あみ,動力船３トン以上５トン未満,0,2013/09/18,39.3,17775,8,470,450,452.3,,
閖上,ガザミ,生鮮,小型底曳網・桁あみ,動力船３トン以上５トン未満,0,2013/09/18,15,5100,2,340,340,340,,
閖上,コチ,生鮮,小型底曳網・桁あみ,動力船３トン以上５トン未満,0,2013/09/18,2.4,600,1,250,250,250,,
閖上,ひらめ,生鮮,小型底曳網・桁あみ,動力船３トン以上５トン未満,0,2013/09/18,2.2,1430,1,650,650,650,,
閖上,ヒラメ累計,生鮮,小型底曳網・桁あみ,動力船３トン以上５トン未満,0,2013/09/13,8,3200,1,400,400,400,,
閖上,ヒラメ累計,生鮮,小型底曳網・桁あみ,動力船３トン以上５トン未満,0,2013/09/06,3.6,1502,2,431,400,417,,
閖上,アカシタビラメ,生鮮,小型底曳網・桁あみ,動力船３トン以上５トン未満,0,2013/12/13,4.6,1196,2,260,260,260,,
閖上,アカガイ,生鮮,小型底曳網・桁あみ,動力船３トン以上５トン未満,0,2013/12/13,11.5,33650,2,3100,2300,2926.1,,
閖上,アカガイ,生鮮,小型底曳網・桁あみ,動力船３トン以上５トン未満,0,2013/12/13,16.2,36400,2,2500,2000,2246.9,,
閖上,アカガイ,生鮮,小型底曳網・桁あみ,動力船３トン以上５トン未満,0,2013/12/13,55.8,63555,2,1600,850,1139,,
閖上,アカガイ,生鮮,小型底曳網・桁あみ,動力船３トン以上５トン未満,0,2013/12/13,6.7,5695,2,850,850,850,,
閖上,その他の巻き貝,生鮮,小型底曳網・桁あみ,動力船３トン以上５トン未満,0,2013/12/13,3.5,1992,2,569,569,569.1,,
閖上,ガザミ,生鮮,小型底曳網・桁あみ,動力船３トン以上５トン未満,0,2013/12/13,3.8,1140,1,300,300,300,,
閖上,ひらめ,生鮮,小型底曳網・桁あみ,動力船３トン以上５トン未満,0,2013/09/11,12.4,7584,4,801,500,611.6,,
閖上,ヒラメ累計,生鮮,小型底曳網・桁あみ,動力船３トン以上５トン未満,0,2013/11/13,15.7,10738,6,750,600,684,,
閖上,アカシタビラメ,生鮮,小型底曳網・桁あみ,動力船３トン以上５トン未満,0,2013/11/20,7.2,2024,6,281,281,281.1,,
閖上,アカガイ,生鮮,小型底曳網・桁あみ,動力船３トン以上５トン未満,0,2013/11/20,81.2,238817,7,3399,1810,2941.1,,
閖上,アカガイ,生鮮,小型底曳網・桁あみ,動力船３トン以上５トン未満,0,2013/11/20,41.7,116022,7,3069,2478,2782.3,,
閖上,アカガイ,生鮮,小型底曳網・桁あみ,動力船３トン以上５トン未満,0,2013/11/20,133.2,212513,7,2089,1231,1595.4,,
閖上,アカガイ,生鮮,小型底曳網・桁あみ,動力船３トン以上５トン未満,0,2013/11/20,23.1,22152,7,1110,931,959,,
閖上,その他の巻き貝,生鮮,小型底曳網・桁あみ,動力船３トン以上５トン未満,0,2013/11/20,20.5,14667,7,761,631,715.5,,
閖上,コタマガイ,生鮮,小型底曳網・桁あみ,動力船３トン以上５トン未満,0,2013/11/20,31,16430,1,530,530,530,,
閖上,ガザミ,生鮮,小型底曳網・桁あみ,動力船３トン以上５トン未満,0,2013/11/20,46.6,6312,6,180,120,135.5,,
閖上,ひらめ,生鮮,小型底曳網・桁あみ,動力船３トン以上５トン未満,0,2013/11/20,6.1,3517,2,601,501,576.6,,
閖上,アカシタビラメ,生鮮,小型底曳網・桁あみ,動力船３トン以上５トン未満,0,2013/09/11,67.8,21900,10,335,301,323,,
閖上,アカガイ,生鮮,小型底曳網・桁あみ,動力船３トン以上５トン未満,0,2013/09/11,30.6,88922,10,3019,2869,2905.9,,
閖上,アカガイ,生鮮,小型底曳網・桁あみ,動力船３トン以上５トン未満,0,2013/09/11,410.4,782161,10,2789,1600,1905.9,,
閖上,アカガイ,生鮮,小型底曳網・桁あみ,動力船３トン以上５トン未満,0,2013/09/11,139.1,193112,10,1561,940,1388.3,,
閖上,アカガイ,生鮮,小型底曳網・桁あみ,動力船３トン以上５トン未満,0,2013/09/11,63.3,49242,9,811,763,777.9,,
閖上,その他の巻き貝,生鮮,小型底曳網・桁あみ,動力船３トン以上５トン未満,0,2013/09/11,36.2,17800,7,500,480,491.7,,
閖上,コタマガイ,生鮮,小型底曳網・桁あみ,動力船３トン以上５トン未満,0,2013/09/11,29,23954,2,826,826,826,,
閖上,ガザミ,生鮮,小型底曳網・桁あみ,動力船３トン以上５トン未満,0,2013/09/11,8.2,2548,2,340,300,310.7,,
閖上,コチ,生鮮,小型底曳網・桁あみ,動力船３トン以上５トン未満,0,2013/09/11,4.8,1340,3,300,250,279.2,,
閖上,マコガレイ,生鮮,小型底曳網・桁あみ,動力船３トン以上５トン未満,0,2013/12/09,4.5,675,3,150,150,150,,
閖上,アカシタビラメ,生鮮,小型底曳網・桁あみ,動力船３トン以上５トン未満,0,2013/12/09,16.9,4279,7,330,230,253.2,,
閖上,アカガイ,生鮮,小型底曳網・桁あみ,動力船３トン以上５トン未満,0,2013/12/09,154.8,452456,9,3471,1889,2922.8,,
閖上,アカガイ,生鮮,小型底曳網・桁あみ,動力船３トン以上５トン未満,0,2013/12/09,139.4,332510,9,2900,1901,2385.3,,
閖上,アカガイ,生鮮,小型底曳網・桁あみ,動力船３トン以上５トン未満,0,2013/12/09,624.9,741434,9,1769,806,1186.5,,
閖上,アカガイ,生鮮,小型底曳網・桁あみ,動力船３トン以上５トン未満,0,2013/12/09,58.7,53165,8,1050,800,905.7,,
閖上,その他の巻き貝,生鮮,小型底曳網・桁あみ,動力船３トン以上５トン未満,0,2013/12/09,33.5,19350,8,630,561,577.6,,
閖上,アカシタビラメ,生鮮,小型底曳網・桁あみ,動力船３トン以上５トン未満,0,2013/10/18,35.5,12627,9,360,350,355.7,,
閖上,アカガイ,生鮮,小型底曳網・桁あみ,動力船３トン以上５トン未満,0,2013/10/18,69.1,187593,9,2800,1839,2714.8,,
閖上,アカガイ,生鮮,小型底曳網・桁あみ,動力船３トン以上５トン未満,0,2013/10/18,292.1,631699,9,2400,2000,2162.6,,
閖上,アカガイ,生鮮,小型底曳網・桁あみ,動力船３トン以上５トン未満,0,2013/10/18,277,414034,9,2080,1201,1494.7,,
閖上,アカガイ,生鮮,小型底曳網・桁あみ,動力船３トン以上５トン未満,0,2013/10/18,16.4,13128,9,860,700,800.5,,
閖上,コタマガイ,生鮮,小型底曳網・桁あみ,動力船３トン以上５トン未満,0,2013/10/18,28,24108,1,861,861,861,,
閖上,ガザミ,生鮮,小型底曳網・桁あみ,動力船３トン以上５トン未満,0,2013/10/18,56,6680,7,300,80,119.3,,
閖上,コチ,生鮮,小型底曳網・桁あみ,動力船３トン以上５トン未満,0,2013/10/18,2.5,375,2,150,150,150,,
閖上,ひらめ,生鮮,小型底曳網・桁あみ,動力船３トン以上５トン未満,0,2013/10/18,19.8,12780,3,700,600,645.5,,
閖上,マコガレイ,生鮮,小型底曳網・桁あみ,動力船３トン以上５トン未満,0,2013/12/19,4.7,1410,2,300,300,300,,
閖上,アカシタビラメ,生鮮,小型底曳網・桁あみ,動力船３トン以上５トン未満,0,2013/12/19,8.8,1760,2,200,200,200,,
閖上,アカガイ,生鮮,小型底曳網・桁あみ,動力船３トン以上５トン未満,0,2013/12/19,31.5,109560,2,3600,3200,3478.1,,
閖上,アカガイ,生鮮,小型底曳網・桁あみ,動力船３トン以上５トン未満,0,2013/12/19,42.7,117290,2,2900,2600,2746.8,,
閖上,アカガイ,生鮮,小型底曳網・桁あみ,動力船３トン以上５トン未満,0,2013/12/19,86.2,129710,2,1800,1300,1504.8,,
閖上,アカガイ,生鮮,小型底曳網・桁あみ,動力船３トン以上５トン未満,0,2013/12/19,14,16800,2,1200,1200,1200,,
閖上,その他の巻き貝,生鮮,小型底曳網・桁あみ,動力船３トン以上５トン未満,0,2013/12/19,18.7,10846,2,580,580,580,,
閖上,ガザミ,生鮮,小型底曳網・桁あみ,動力船３トン以上５トン未満,0,2013/12/19,13.6,4080,2,300,300,300,,
閖上,ひらめ,生鮮,小型底曳網・桁あみ,動力船３トン以上５トン未満,0,2013/12/19,5.5,4400,2,800,800,800,,
閖上,マコガレイ,生鮮,小型底曳網・桁あみ,動力船３トン以上５トン未満,0,2013/12/17,2.9,580,2,200,200,200,,
閖上,アカシタビラメ,生鮮,小型底曳網・桁あみ,動力船３トン以上５トン未満,0,2013/12/17,16.9,4394,7,260,260,260,,
閖上,アカガイ,生鮮,小型底曳網・桁あみ,動力船３トン以上５トン未満,0,2013/12/17,63,265668,7,4431,3269,4217,,
閖上,アカガイ,生鮮,小型底曳網・桁あみ,動力船３トン以上５トン未満,0,2013/12/17,63.6,209370,7,4001,2869,3292,,
閖上,アカガイ,生鮮,小型底曳網・桁あみ,動力船３トン以上５トン未満,0,2013/12/17,200.9,331611,7,2100,1221,1650.6,,
閖上,アカガイ,生鮮,小型底曳網・桁あみ,動力船３トン以上５トン未満,0,2013/12/17,25.8,28419,7,1110,1100,1101.5,,
閖上,その他の巻き貝,生鮮,小型底曳網・桁あみ,動力船３トン以上５トン未満,0,2013/12/17,22.2,18870,6,850,850,850,,
閖上,ガザミ,生鮮,小型底曳網・桁あみ,動力船３トン以上５トン未満,0,2013/12/17,43.7,5901,6,135,135,135,,
閖上,マコガレイ,生鮮,小型底曳網・桁あみ,動力船３トン以上５トン未満,0,2013/11/29,1.6,240,1,150,150,150,,
閖上,アカシタビラメ,生鮮,小型底曳網・桁あみ,動力船３トン以上５トン未満,0,2013/11/29,8.1,3140,7,400,300,387.7,,
閖上,アカガイ,生鮮,小型底曳網・桁あみ,動力船３トン以上５トン未満,0,2013/11/29,101,264776,9,3300,1739,2621.5,,
閖上,アカガイ,生鮮,小型底曳網・桁あみ,動力船３トン以上５トン未満,0,2013/11/29,70.7,158583,9,2400,2031,2243,,
閖上,アカガイ,生鮮,小型底曳網・桁あみ,動力船３トン以上５トン未満,0,2013/11/29,337.5,428213,9,1920,880,1268.8,,
閖上,アカガイ,生鮮,小型底曳網・桁あみ,動力船３トン以上５トン未満,0,2013/11/29,26.2,27120,8,1100,900,1035.1,,
閖上,その他の巻き貝,生鮮,小型底曳網・桁あみ,動力船３トン以上５トン未満,0,2013/11/29,24.3,13785,9,620,550,567.3,,
閖上,ガザミ,生鮮,小型底曳網・桁あみ,動力船３トン以上５トン未満,0,2013/11/29,31,5411,6,300,122,174.5,,
閖上,ひらめ,生鮮,小型底曳網・桁あみ,動力船３トン以上５トン未満,0,2013/11/29,5.8,3190,1,550,550,550,,
閖上,ヒラメ累計,生鮮,小型底曳網・桁あみ,動力船３トン以上５トン未満,0,2013/11/25,6.1,3420,2,600,300,561,,
閖上,アカシタビラメ,生鮮,小型底曳網・桁あみ,動力船３トン以上５トン未満,0,2013/09/02,34.7,10989,7,400,300,316.7,,
閖上,アカガイ,生鮮,小型底曳網・桁あみ,動力船３トン以上５トン未満,0,2013/09/02,9.5,35635,9,4105,3289,3751.1,,
閖上,アカガイ,生鮮,小型底曳網・桁あみ,動力船３トン以上５トン未満,0,2013/09/02,951.8,2238732,10,3896,1769,2352.1,,
閖上,アカガイ,生鮮,小型底曳網・桁あみ,動力船３トン以上５トン未満,0,2013/09/02,377.7,680799,10,2000,1480,1802.5,,
閖上,アカガイ,生鮮,小型底曳網・桁あみ,動力船３トン以上５トン未満,0,2013/09/02,133.8,130868,9,1231,700,978.1,,
閖上,その他の巻き貝,生鮮,小型底曳網・桁あみ,動力船３トン以上５トン未満,0,2013/09/02,2.1,1260,1,600,600,600,,
閖上,コタマガイ,生鮮,小型底曳網・桁あみ,動力船３トン以上５トン未満,0,2013/09/02,72,47008,3,666,650,652.9,,
閖上,ガザミ,生鮮,小型底曳網・桁あみ,動力船３トン以上５トン未満,0,2013/09/02,16.3,5605,3,350,300,343.9,,
閖上,コチ,生鮮,小型底曳網・桁あみ,動力船３トン以上５トン未満,0,2013/09/02,25.2,4695,3,200,150,186.3,,
閖上,ひらめ,生鮮,小型底曳網・桁あみ,動力船３トン以上５トン未満,0,2013/09/02,11.7,3500,3,350,200,299.1,,
閖上,アカシタビラメ,生鮮,小型底曳網・桁あみ,動力船３トン以上５トン未満,0,2013/09/03,29.9,9259,9,350,280,309.7,,
閖上,アカガイ,生鮮,小型底曳網・桁あみ,動力船３トン以上５トン未満,0,2013/09/03,5.5,16988,8,3500,2800,3088.7,,
閖上,アカガイ,生鮮,小型底曳網・桁あみ,動力船３トン以上５トン未満,0,2013/09/03,454,934861,10,3200,1681,2059.2,,
閖上,マコガレイ,生鮮,小型底曳網・桁あみ,動力船３トン以上５トン未満,0,2013/12/03,4.8,1125,2,300,210,234.4,,
閖上,アカシタビラメ,生鮮,小型底曳網・桁あみ,動力船３トン以上５トン未満,0,2013/12/03,8.8,2460,6,300,220,279.5,,
閖上,アカガイ,生鮮,小型底曳網・桁あみ,動力船３トン以上５トン未満,0,2013/12/03,71.9,203343,8,3269,1789,2828.1,,
閖上,アカガイ,生鮮,小型底曳網・桁あみ,動力船３トン以上５トン未満,0,2013/12/03,66.5,150212,8,2530,2009,2258.8,,
閖上,アカガイ,生鮮,小型底曳網・桁あみ,動力船３トン以上５トン未満,0,2013/12/03,235.6,312676,8,2000,960,1327.1,,
閖上,アカガイ,生鮮,小型底曳網・桁あみ,動力船３トン以上５トン未満,0,2013/12/03,22.6,20342,8,960,860,900.1,,
閖上,その他の巻き貝,生鮮,小型底曳網・桁あみ,動力船３トン以上５トン未満,0,2013/12/03,42.5,22155,8,550,515,521.3,,
閖上,コタマガイ,生鮮,小型底曳網・桁あみ,動力船３トン以上５トン未満,0,2013/12/03,28,11760,1,420,420,420,,
閖上,ガザミ,生鮮,小型底曳網・桁あみ,動力船３トン以上５トン未満,0,2013/12/03,28.9,5058,5,300,135,175,,
閖上,ひらめ,生鮮,小型底曳網・桁あみ,動力船３トン以上５トン未満,0,2013/12/03,5.1,3630,2,800,550,711.8,,
閖上,ヒラメ累計,生鮮,小型底曳網・桁あみ,動力船３トン以上５トン未満,0,2013/11/05,19.4,12892,4,700,431,664,,
閖上,アカガイ,生鮮,小型底曳網・桁あみ,動力船３トン以上５トン未満,0,2013/09/03,223.5,344307,10,1800,1290,1540.5,,
閖上,アカガイ,生鮮,小型底曳網・桁あみ,動力船３トン以上５トン未満,0,2013/09/03,63.5,54985,10,900,800,865.9,,
閖上,その他の巻き貝,生鮮,小型底曳網・桁あみ,動力船３トン以上５トン未満,0,2013/09/03,6.8,4080,3,600,600,600,,
閖上,ガザミ,生鮮,小型底曳網・桁あみ,動力船３トン以上５トン未満,0,2013/09/03,12.7,4185,2,350,300,329.5,,
閖上,コチ,生鮮,小型底曳網・桁あみ,動力船３トン以上５トン未満,0,2013/09/03,2.5,500,1,200,200,200,,
閖上,ひらめ,生鮮,小型底曳網・桁あみ,動力船３トン以上５トン未満,0,2013/09/03,12,6150,2,600,300,512.5,,
閖上,ヒラメ累計,生鮮,小型底曳網・桁あみ,動力船３トン以上５トン未満,0,2013/10/28,5.7,3336,2,651,401,585,,
閖上,マコガレイ,生鮮,小型底曳網・桁あみ,動力船３トン以上５トン未満,0,2013/11/25,5.2,1560,1,300,300,300,,
閖上,アカシタビラメ,生鮮,小型底曳網・桁あみ,動力船３トン以上５トン未満,0,2013/11/25,21.2,6262,9,420,270,295.4,,
閖上,アカガイ,生鮮,小型底曳網・桁あみ,動力船３トン以上５トン未満,0,2013/11/25,217.2,592986,9,3269,1730,2730.1,,
閖上,アカガイ,生鮮,小型底曳網・桁あみ,動力船３トン以上５トン未満,0,2013/11/25,155.8,345996,9,2300,1700,2220.8,,
閖上,アカガイ,生鮮,小型底曳網・桁あみ,動力船３トン以上５トン未満,0,2013/11/25,512,632105,9,1725,931,1234.6,,
閖上,アカガイ,生鮮,小型底曳網・桁あみ,動力船３トン以上５トン未満,0,2013/11/25,48.4,40684,8,900,650,840.6,,
閖上,その他の巻き貝,生鮮,小型底曳網・桁あみ,動力船３トン以上５トン未満,0,2013/11/25,66.3,34726,9,620,500,523.8,,
閖上,コタマガイ,生鮮,小型底曳網・桁あみ,動力船３トン以上５トン未満,0,2013/11/25,94,45120,2,480,480,480,,
閖上,ガザミ,生鮮,小型底曳網・桁あみ,動力船３トン以上５トン未満,0,2013/11/25,53,8520,6,320,120,160.8,,
閖上,コチ,生鮮,小型底曳網・桁あみ,動力船３トン以上５トン未満,0,2013/11/25,3.2,800,1,250,250,250,,
閖上,ひらめ,生鮮,小型底曳網・桁あみ,動力船３トン以上５トン未満,0,2013/11/25,6.1,3420,2,600,300,560.7,,
閖上,コタマガイ,生鮮,小型底曳網・桁あみ,動力船３トン以上５トン未満,0,2013/11/13,92,55200,2,600,600,600,,
閖上,ガザミ,生鮮,小型底曳網・桁あみ,動力船３トン以上５トン未満,0,2013/11/13,40.6,5460,6,300,100,134.5,,
閖上,ひらめ,生鮮,小型底曳網・桁あみ,動力船３トン以上５トン未満,0,2013/11/13,15.7,10738,6,750,600,683.9,,
閖上,アカシタビラメ,生鮮,小型底曳網・桁あみ,動力船３トン以上５トン未満,0,2013/09/06,31.1,10412,8,339,330,334.8,,
閖上,アカガイ,生鮮,小型底曳網・桁あみ,動力船３トン以上５トン未満,0,2013/09/06,19.9,54110,10,2800,1700,2719.1,,
閖上,アカガイ,生鮮,小型底曳網・桁あみ,動力船３トン以上５トン未満,0,2013/09/06,459,805228,10,2850,1500,1754.3,,
閖上,アカガイ,生鮮,小型底曳網・桁あみ,動力船３トン以上５トン未満,0,2013/09/06,160.6,194939,10,2000,781,1213.8,,
閖上,アカガイ,生鮮,小型底曳網・桁あみ,動力船３トン以上５トン未満,0,2013/09/06,49.5,41235,10,950,781,833,,
閖上,その他の巻き貝,生鮮,小型底曳網・桁あみ,動力船３トン以上５トン未満,0,2013/09/06,78,37261,9,550,461,477.7,,
閖上,コチ,生鮮,小型底曳網・桁あみ,動力船３トン以上５トン未満,0,2013/09/06,1.3,260,1,200,200,200,,
閖上,ひらめ,生鮮,小型底曳網・桁あみ,動力船３トン以上５トン未満,0,2013/09/06,3.6,1502,2,431,400,417.2,,
閖上,ヒラメ累計,生鮮,小型底曳網・桁あみ,動力船３トン以上５トン未満,0,2013/11/15,16.5,9450,3,700,500,573,,
閖上,マコガレイ,生鮮,小型底曳網・桁あみ,動力船３トン以上５トン未満,0,2013/11/13,1.2,480,1,400,400,400,,
閖上,アカシタビラメ,生鮮,小型底曳網・桁あみ,動力船３トン以上５トン未満,0,2013/11/13,9.7,1940,7,200,200,200,,
閖上,アカガイ,生鮮,小型底曳網・桁あみ,動力船３トン以上５トン未満,0,2013/11/13,193.6,624051,9,3439,2300,3223.4,,
閖上,アカガイ,生鮮,小型底曳網・桁あみ,動力船３トン以上５トン未満,0,2013/11/13,117.7,354321,9,3200,2600,3010.4,,
閖上,アカガイ,生鮮,小型底曳網・桁あみ,動力船３トン以上５トン未満,0,2013/11/13,68.5,99264,9,2600,950,1449.1,,
閖上,アカガイ,生鮮,小型底曳網・桁あみ,動力船３トン以上５トン未満,0,2013/11/13,28.8,33784,9,1201,1000,1173.1,,
閖上,その他の巻き貝,生鮮,小型底曳網・桁あみ,動力船３トン以上５トン未満,0,2013/11/13,43.8,37697,9,869,810,860.7,,
閖上,マコガレイ,生鮮,小型底曳網・桁あみ,動力船３トン以上５トン未満,0,2013/12/05,10.3,2343,4,300,210,227.5,,
閖上,アカシタビラメ,生鮮,小型底曳網・桁あみ,動力船３トン以上５トン未満,0,2013/12/05,16,4634,7,300,280,289.6,,
閖上,アカガイ,生鮮,小型底曳網・桁あみ,動力船３トン以上５トン未満,0,2013/12/05,130.3,332068,9,2860,1769,2548.5,,
閖上,アカガイ,生鮮,小型底曳網・桁あみ,動力船３トン以上５トン未満,0,2013/12/05,97.8,206084,9,2300,1869,2107.2,,
閖上,アカガイ,生鮮,小型底曳網・桁あみ,動力船３トン以上５トン未満,0,2013/12/05,265,318902,9,1719,831,1203.4,,
閖上,アカガイ,生鮮,小型底曳網・桁あみ,動力船３トン以上５トン未満,0,2013/12/05,35.9,31128,9,1150,800,867.1,,
閖上,その他の巻き貝,生鮮,小型底曳網・桁あみ,動力船３トン以上５トン未満,0,2013/12/05,55.7,27434,9,560,450,492.5,,
閖上,ガザミ,生鮮,小型底曳網・桁あみ,動力船３トン以上５トン未満,0,2013/12/05,55.4,7340,7,300,100,132.5,,
閖上,コチ,生鮮,小型底曳網・桁あみ,動力船３トン以上５トン未満,0,2013/12/05,3.5,1050,1,300,300,300,,
閖上,ひらめ,生鮮,小型底曳網・桁あみ,動力船３トン以上５トン未満,0,2013/12/05,13,8630,3,800,500,663.8,,
閖上,ヒラメ累計,生鮮,小型底曳網・桁あみ,動力船３トン以上５トン未満,0,2013/10/29,25.7,18730,7,800,650,729,,
閖上,ヒラメ累計,生鮮,小型底曳網・桁あみ,動力船３トン以上５トン未満,0,2013/11/20,6.1,3517,2,601,501,577,,
閖上,ヒラメ累計,生鮮,小型底曳網・桁あみ,動力船３トン以上５トン未満,0,2013/11/14,21.9,13910,6,700,600,662,,
閖上,マコガレイ,生鮮,小型底曳網・桁あみ,動力船３トン以上５トン未満,0,2013/12/06,2.6,780,1,300,300,300,,
閖上,アカシタビラメ,生鮮,小型底曳網・桁あみ,動力船３トン以上５トン未満,0,2013/12/06,8.1,2268,2,280,280,280,,
閖上,アカガイ,生鮮,小型底曳網・桁あみ,動力船３トン以上５トン未満,0,2013/12/06,31.6,83040,2,2800,2000,2627.8,,
閖上,アカガイ,生鮮,小型底曳網・桁あみ,動力船３トン以上５トン未満,0,2013/12/06,21.3,44960,2,2200,2000,2110.8,,
閖上,アカガイ,生鮮,小型底曳網・桁あみ,動力船３トン以上５トン未満,0,2013/12/06,45.1,53950,2,1700,900,1196.2,,
閖上,アカガイ,生鮮,小型底曳網・桁あみ,動力船３トン以上５トン未満,0,2013/12/06,8.3,6640,2,800,800,800,,
閖上,その他の巻き貝,生鮮,小型底曳網・桁あみ,動力船３トン以上５トン未満,0,2013/12/06,11.8,5900,2,500,500,500,,
閖上,ガザミ,生鮮,小型底曳網・桁あみ,動力船３トン以上５トン未満,0,2013/12/06,10,3000,1,300,300,300,,
閖上,コチ,生鮮,小型底曳網・桁あみ,動力船３トン以上５トン未満,0,2013/12/06,2.3,460,1,200,200,200,,
閖上,ひらめ,生鮮,小型底曳網・桁あみ,動力船３トン以上５トン未満,0,2013/12/06,6.5,5200,2,800,800,800,,
閖上,ヒラメ累計,生鮮,小型底曳網・桁あみ,動力船３トン以上５トン未満,0,2013/10/30,16.4,11270,5,800,550,687,,
閖上,アカシタビラメ,生鮮,小型底曳網・桁あみ,動力船３トン以上５トン未満,0,2013/11/21,4.7,1415,5,301,301,301.1,,
閖上,アカガイ,生鮮,小型底曳網・桁あみ,動力船３トン以上５トン未満,0,2013/11/21,98.5,281281,9,3400,1710,2855.6,,
閖上,アカガイ,生鮮,小型底曳網・桁あみ,動力船３トン以上５トン未満,0,2013/11/21,59.5,140814,9,3000,2189,2366.6,,
閖上,アカガイ,生鮮,小型底曳網・桁あみ,動力船３トン以上５トン未満,0,2013/11/21,186.9,236587,9,2000,931,1265.8,,
閖上,アカガイ,生鮮,小型底曳網・桁あみ,動力船３トン以上５トン未満,0,2013/11/21,13.9,13453,8,1280,760,967.8,,
閖上,その他の巻き貝,生鮮,小型底曳網・桁あみ,動力船３トン以上５トン未満,0,2013/11/21,28.1,16281,9,760,510,579.4,,
閖上,コタマガイ,生鮮,小型底曳網・桁あみ,動力船３トン以上５トン未満,0,2013/11/21,40,18800,1,470,470,470,,
閖上,ガザミ,生鮮,小型底曳網・桁あみ,動力船３トン以上５トン未満,0,2013/11/21,32.4,5104,7,300,120,157.5,,
閖上,ひらめ,生鮮,小型底曳網・桁あみ,動力船３トン以上５トン未満,0,2013/11/21,8.8,5290,3,700,500,601.1,,
閖上,ヒラメ累計,生鮮,小型底曳網・桁あみ,動力船３トン以上５トン未満,0,2013/12/26,5,4000,1,800,800,800,,
閖上,その他の巻き貝,生鮮,小型底曳網・桁あみ,動力船３トン以上５トン未満,0,2013/11/14,32.8,23064,9,869,601,703.2,,
閖上,コタマガイ,生鮮,小型底曳網・桁あみ,動力船３トン以上５トン未満,0,2013/11/14,68,39848,2,586,586,586,,
閖上,ガザミ,生鮮,小型底曳網・桁あみ,動力船３トン以上５トン未満,0,2013/11/14,14.5,2812,6,300,100,193.9,,
閖上,コチ,生鮮,小型底曳網・桁あみ,動力船３トン以上５トン未満,0,2013/11/14,4.5,900,1,200,200,200,,
閖上,ひらめ,生鮮,小型底曳網・桁あみ,動力船３トン以上５トン未満,0,2013/11/14,3.2,2240,1,700,700,700,,
閖上,ひらめ,生鮮,小型底曳網・桁あみ,動力船３トン以上５トン未満,0,2013/11/14,18.7,11670,5,700,600,624.1,,
閖上,アカシタビラメ,生鮮,小型底曳網・桁あみ,動力船３トン以上５トン未満,0,2013/12/25,24.7,6158,9,510,200,249.3,,
閖上,アカガイ,生鮮,小型底曳網・桁あみ,動力船３トン以上５トン未満,0,2013/12/25,67.4,276730,10,4300,2201,4105.8,,
閖上,アカガイ,生鮮,小型底曳網・桁あみ,動力船３トン以上５トン未満,0,2013/12/25,114.8,297036,10,3500,2369,2587.4,,
閖上,アカガイ,生鮮,小型底曳網・桁あみ,動力船３トン以上５トン未満,0,2013/12/25,621,738247,10,1700,701,1188.8,,
閖上,アカガイ,生鮮,小型底曳網・桁あみ,動力船３トン以上５トン未満,0,2013/12/25,31.8,26590,10,1200,701,836.2,,
閖上,その他の巻き貝,生鮮,小型底曳網・桁あみ,動力船３トン以上５トン未満,0,2013/12/25,10.9,6221,4,650,560,570.7,,
閖上,ヒラメ累計,生鮮,小型底曳網・桁あみ,動力船３トン以上５トン未満,0,2013/12/09,1.7,1231,1,920,550,724,,
閖上,マコガレイ,生鮮,小型底曳網・桁あみ,動力船３トン以上５トン未満,0,2013/12/18,1.4,280,1,200,200,200,,
閖上,アカシタビラメ,生鮮,小型底曳網・桁あみ,動力船３トン以上５トン未満,0,2013/12/18,15.7,3578,8,260,200,227.9,,
閖上,アカガイ,生鮮,小型底曳網・桁あみ,動力船３トン以上５トン未満,0,2013/12/18,114.9,399207,9,4400,2610,3474.4,,
閖上,アカガイ,生鮮,小型底曳網・桁あみ,動力船３トン以上５トン未満,0,2013/12/18,125.1,347623,9,4000,2469,2778.8,,
閖上,アカガイ,生鮮,小型底曳網・桁あみ,動力船３トン以上５トン未満,0,2013/12/18,353.4,556675,9,2000,1231,1575.2,,
閖上,アカガイ,生鮮,小型底曳網・桁あみ,動力船３トン以上５トン未満,0,2013/12/18,39,43430,8,1200,1000,1113.6,,
閖上,その他の巻き貝,生鮮,小型底曳網・桁あみ,動力船３トン以上５トン未満,0,2013/12/18,42.8,26795,8,850,580,626.1,,
閖上,コタマガイ,生鮮,小型底曳網・桁あみ,動力船３トン以上５トン未満,0,2013/12/18,39,22620,1,580,580,580,,
閖上,ガザミ,生鮮,小型底曳網・桁あみ,動力船３トン以上５トン未満,0,2013/12/18,50.8,8913,8,300,140,175.5,,
閖上,ひらめ,生鮮,小型底曳網・桁あみ,動力船３トン以上５トン未満,0,2013/12/18,3.8,3040,1,800,800,800,,
閖上,ヒラメ累計,生鮮,小型底曳網・桁あみ,動力船３トン以上５トン未満,0,2013/10/22,1.2,960,1,800,800,800,,
閖上,ヒラメ累計,生鮮,小型底曳網・桁あみ,動力船３トン以上５トン未満,0,2013/11/07,4.5,3600,1,800,800,800,,
閖上,ヒラメ累計,生鮮,小型底曳網・桁あみ,動力船３トン以上５トン未満,0,2013/12/03,5.1,3630,2,800,550,712,,
閖上,その他のさけ・ます類,生鮮,定置網・ます網つぼ網(小型定置),動力船３トン以上５トン未満,0,2013/12/26,11608,3808249,1,424,227,328.1,,
閖上,アカシタビラメ,生鮮,小型底曳網・桁あみ,動力船３トン以上５トン未満,0,2013/12/26,8,2000,2,250,250,250,,
閖上,アカガイ,生鮮,小型底曳網・桁あみ,動力船３トン以上５トン未満,0,2013/12/26,81.5,314728,10,4200,2410,3861.7,,
閖上,アカガイ,生鮮,小型底曳網・桁あみ,動力船３トン以上５トン未満,0,2013/12/26,188.9,370791,10,2800,1569,1962.9,,
閖上,アカガイ,生鮮,小型底曳網・桁あみ,動力船３トン以上５トン未満,0,2013/12/26,532.3,575904,10,1600,700,1081.9,,
閖上,アカガイ,生鮮,小型底曳網・桁あみ,動力船３トン以上５トン未満,0,2013/12/26,33.8,25521,10,901,720,755.1,,
閖上,その他の巻き貝,生鮮,小型底曳網・桁あみ,動力船３トン以上５トン未満,0,2013/12/26,21.6,12729,8,651,560,589.3,,
閖上,コタマガイ,生鮮,小型底曳網・桁あみ,動力船３トン以上５トン未満,0,2013/12/26,236,88356,3,651,280,374.4,,
閖上,ひらめ,生鮮,小型底曳網・桁あみ,動力船３トン以上５トン未満,0,2013/12/26,5,4000,1,800,800,800,,
閖上,ヒラメ累計,生鮮,小型底曳網・桁あみ,動力船３トン以上５トン未満,0,2013/12/19,5.5,4400,2,800,800,800,,
閖上,ヒラメ累計,生鮮,小型底曳網・桁あみ,動力船３トン以上５トン未満,0,2013/12/18,3.8,3040,1,800,800,800,,
閖上,マコガレイ,生鮮,小型底曳網・桁あみ,動力船３トン以上５トン未満,0,2013/11/27,6.5,1950,3,300,300,300,,
閖上,アカシタビラメ,生鮮,小型底曳網・桁あみ,動力船３トン以上５トン未満,0,2013/11/27,11.6,3306,8,300,270,285,,
閖上,アカガイ,生鮮,小型底曳網・桁あみ,動力船３トン以上５トン未満,0,2013/11/27,108.6,306246,9,3331,1800,2819.9,,
閖上,アカガイ,生鮮,小型底曳網・桁あみ,動力船３トン以上５トン未満,0,2013/11/27,75.5,175083,9,2469,2200,2319,,
閖上,アカガイ,生鮮,小型底曳網・桁あみ,動力船３トン以上５トン未満,0,2013/11/27,350.8,445832,9,1869,919,1270.9,,
閖上,アカガイ,生鮮,小型底曳網・桁あみ,動力船３トン以上５トン未満,0,2013/11/27,26.6,24792,8,1030,850,932,,
閖上,その他の巻き貝,生鮮,小型底曳網・桁あみ,動力船３トン以上５トン未満,0,2013/11/27,33.3,19557,9,620,510,587.3,,
閖上,コタマガイ,生鮮,小型底曳網・桁あみ,動力船３トン以上５トン未満,0,2013/11/27,44,18480,1,420,420,420,,
閖上,ガザミ,生鮮,小型底曳網・桁あみ,動力船３トン以上５トン未満,0,2013/11/27,41.3,6653,7,300,131,161.1,,
閖上,ひらめ,生鮮,小型底曳網・桁あみ,動力船３トン以上５トン未満,0,2013/11/27,5.2,4160,1,800,800,800,,
閖上,ガザミ,生鮮,小型底曳網・桁あみ,動力船３トン以上５トン未満,0,2013/12/09,69.7,7770,6,300,100,111.5,,
閖上,ひらめ,生鮮,小型底曳網・桁あみ,動力船３トン以上５トン未満,0,2013/12/09,1.7,1231,1,920,550,724.1,,
閖上,ヒラメ累計,生鮮,小型底曳網・桁あみ,動力船３トン以上５トン未満,0,2013/11/21,8.8,5290,3,700,500,601,,
閖上,ヒラメ累計,生鮮,小型底曳網・桁あみ,動力船３トン以上５トン未満,0,2013/11/27,5.2,4160,1,800,800,800,,
閖上,コタマガイ,生鮮,小型底曳網・桁あみ,動力船３トン以上５トン未満,0,2013/11/28,350,115400,1,400,300,329.7,,
閖上,アカガイ,生鮮,小型底曳網・桁あみ,動力船３トン以上５トン未満,0,2013/09/12,107,150756,10,1650,931,1408.9,,
閖上,アカガイ,生鮮,小型底曳網・桁あみ,動力船３トン以上５トン未満,0,2013/09/12,114.6,80340,10,708,700,701,,
閖上,その他の巻き貝,生鮮,小型底曳網・桁あみ,動力船３トン以上５トン未満,0,2013/09/12,113.5,48087,8,500,401,423.7,,
閖上,ガザミ,生鮮,小型底曳網・桁あみ,動力船３トン以上５トン未満,0,2013/09/12,4,1050,2,300,150,262.5,,
閖上,コチ,生鮮,小型底曳網・桁あみ,動力船３トン以上５トン未満,0,2013/09/12,0.5,100,1,200,200,200,,
閖上,ひらめ,生鮮,小型底曳網・桁あみ,動力船３トン以上５トン未満,0,2013/09/12,11.6,4920,3,500,400,424.1,,
閖上,アカシタビラメ,生鮮,小型底曳網・桁あみ,動力船３トン以上５トン未満,0,2013/09/24,22.2,7144,5,330,281,321.8,,
閖上,アカガイ,生鮮,小型底曳網・桁あみ,動力船３トン以上５トン未満,0,2013/09/24,22,63982,10,3069,2899,2908.3,,
閖上,アカガイ,生鮮,小型底曳網・桁あみ,動力船３トン以上５トン未満,0,2013/09/24,1142.3,2115733,10,2989,1651,1852.2,,
閖上,アカガイ,生鮮,小型底曳網・桁あみ,動力船３トン以上５トン未満,0,2013/09/24,674,955216,10,1770,930,1417.2,,
閖上,アカガイ,生鮮,小型底曳網・桁あみ,動力船３トン以上５トン未満,0,2013/09/24,227,152403,10,755,600,671.4,,
閖上,その他の巻き貝,生鮮,小型底曳網・桁あみ,動力船３トン以上５トン未満,0,2013/09/24,10.7,6220,3,700,500,581.3,,
閖上,コタマガイ,生鮮,小型底曳網・桁あみ,動力船３トン以上５トン未満,0,2013/09/24,52,45224,1,951,800,869.7,,
閖上,ガザミ,生鮮,小型底曳網・桁あみ,動力船３トン以上５トン未満,0,2013/09/24,9.5,3265,2,350,340,343.7,,
閖上,コチ,生鮮,小型底曳網・桁あみ,動力船３トン以上５トン未満,0,2013/09/24,4.5,1125,2,250,250,250,,
閖上,ひらめ,生鮮,小型底曳網・桁あみ,動力船３トン以上５トン未満,0,2013/09/24,4.4,3130,3,800,650,711.4,,
閖上,アカシタビラメ,生鮮,小型底曳網・桁あみ,動力船３トン以上５トン未満,0,2013/09/12,27.7,9238,8,340,300,333.5,,
閖上,アカガイ,生鮮,小型底曳網・桁あみ,動力船３トン以上５トン未満,0,2013/09/12,57.4,158189,10,2800,2310,2755.9,,
閖上,アカガイ,生鮮,小型底曳網・桁あみ,動力船３トン以上５トン未満,0,2013/09/12,570.5,1050334,10,2710,1550,1841.1,,
閖上,ヒラメ累計,生鮮,小型底曳網・桁あみ,動力船３トン以上５トン未満,0,2013/09/05,24.8,8680,5,400,300,350,,
閖上,アカシタビラメ,生鮮,小型底曳網・桁あみ,動力船１０００トン以上,0,2013/10/28,40.2,11100,1,300,250,276.1,,
閖上,アカシタビラメ,生鮮,小型底曳網・桁あみ,動力船３トン以上５トン未満,0,2013/10/28,15.1,5451,6,361,361,361,,
閖上,アカガイ,生鮮,小型底曳網・桁あみ,動力船１０００トン以上,0,2013/10/28,46.6,183462,1,4039,2609,3937,,
閖上,アカガイ,生鮮,小型底曳網・桁あみ,動力船３トン以上５トン未満,0,2013/10/28,47.6,149809,7,3269,2369,3147.2,,
閖上,アカガイ,生鮮,小型底曳網・桁あみ,動力船１０００トン以上,0,2013/10/28,318.1,892315,1,3439,2169,2805.1,,
閖上,アカガイ,生鮮,小型底曳網・桁あみ,動力船３トン以上５トン未満,0,2013/10/28,152.8,377380,7,2769,2109,2469.8,,
閖上,アカガイ,生鮮,小型底曳網・桁あみ,動力船１０００トン以上,0,2013/10/28,124.6,225242,1,2191,900,1807.7,,
閖上,アカガイ,生鮮,小型底曳網・桁あみ,動力船３トン以上５トン未満,0,2013/10/28,227.4,381618,7,2100,1309,1678.2,,
閖上,アカガイ,生鮮,小型底曳網・桁あみ,動力船１０００トン以上,0,2013/10/28,7.2,7207,1,1001,1001,1001,,
閖上,アカガイ,生鮮,小型底曳網・桁あみ,動力船３トン以上５トン未満,0,2013/10/28,31.3,33300,6,1200,900,1063.9,,
閖上,その他の巻き貝,生鮮,小型底曳網・桁あみ,動力船１０００トン以上,0,2013/10/28,27.3,19110,1,700,700,700,,
閖上,コタマガイ,生鮮,小型底曳網・桁あみ,動力船３トン以上５トン未満,0,2013/10/28,48,43248,2,901,901,901,,
閖上,ガザミ,生鮮,小型底曳網・桁あみ,動力船１０００トン以上,0,2013/10/28,45,4500,1,100,100,100,,
閖上,ガザミ,生鮮,小型底曳網・桁あみ,動力船３トン以上５トン未満,0,2013/10/28,31.7,3487,4,110,110,110,,
閖上,ひらめ,生鮮,小型底曳網・桁あみ,動力船３トン以上５トン未満,0,2013/10/28,5.7,3336,2,651,401,585.3,,
閖上,アカシタビラメ,生鮮,小型底曳網・桁あみ,動力船３トン以上５トン未満,0,2013/10/30,7.8,2112,6,280,265,270.8,,
閖上,アカガイ,生鮮,小型底曳網・桁あみ,動力船３トン以上５トン未満,0,2013/10/30,68.8,159030,9,2600,2009,2311.5,,
閖上,アカガイ,生鮮,小型底曳網・桁あみ,動力船３トン以上５トン未満,0,2013/10/30,181.4,339182,9,2200,1701,1869.8,,
閖上,アカガイ,生鮮,小型底曳網・桁あみ,動力船３トン以上５トン未満,0,2013/10/30,251.5,280296,9,1639,906,1114.5,,
閖上,アカガイ,生鮮,小型底曳網・桁あみ,動力船３トン以上５トン未満,0,2013/10/30,20.4,15516,8,800,751,760.6,,
閖上,その他の巻き貝,生鮮,小型底曳網・桁あみ,動力船３トン以上５トン未満,0,2013/10/30,0.5,266,1,531,531,532,,
閖上,コタマガイ,生鮮,小型底曳網・桁あみ,動力船３トン以上５トン未満,0,2013/10/30,60,38160,2,636,636,636,,
閖上,ガザミ,生鮮,小型底曳網・桁あみ,動力船３トン以上５トン未満,0,2013/10/30,11.8,1868,3,300,110,158.3,,
閖上,ひらめ,生鮮,小型底曳網・桁あみ,動力船３トン以上５トン未満,0,2013/10/30,16.4,11270,5,800,550,687.2,,
閖上,アカシタビラメ,生鮮,小型底曳網・桁あみ,動力船３トン以上５トン未満,0,2013/11/15,2,500,3,250,250,250,,
閖上,アカガイ,生鮮,小型底曳網・桁あみ,動力船３トン以上５トン未満,0,2013/11/15,139.3,320363,9,2401,1829,2299.8,,
閖上,アカガイ,生鮮,小型底曳網・桁あみ,動力船３トン以上５トン未満,0,2013/11/15,88,202062,9,2900,2089,2296.2,,
閖上,アカガイ,生鮮,小型底曳網・桁あみ,動力船３トン以上５トン未満,0,2013/11/15,36.6,58587,9,2060,1251,1600.7,,
閖上,アカガイ,生鮮,小型底曳網・桁あみ,動力船３トン以上５トン未満,0,2013/11/15,35.1,39976,9,1260,1100,1138.9,,
閖上,その他の巻き貝,生鮮,小型底曳網・桁あみ,動力船３トン以上５トン未満,0,2013/11/15,36,22663,9,660,600,629.5,,
閖上,コタマガイ,生鮮,小型底曳網・桁あみ,動力船３トン以上５トン未満,0,2013/11/15,50,25000,1,500,500,500,,
閖上,ガザミ,生鮮,小型底曳網・桁あみ,動力船３トン以上５トン未満,0,2013/11/15,7.4,888,3,120,120,120,,
閖上,コチ,生鮮,小型底曳網・桁あみ,動力船３トン以上５トン未満,0,2013/11/15,3,600,1,200,200,200,,
閖上,ひらめ,生鮮,小型底曳網・桁あみ,動力船３トン以上５トン未満,0,2013/11/15,16.5,9450,3,700,500,572.7,,
閖上,アカシタビラメ,生鮮,小型底曳網・桁あみ,動力船３トン以上５トン未満,0,2013/10/09,22,6600,2,300,300,300,,
閖上,アカガイ,生鮮,小型底曳網・桁あみ,動力船３トン以上５トン未満,0,2013/10/09,25,57500,2,2300,2300,2300,,
閖上,アカガイ,生鮮,小型底曳網・桁あみ,動力船３トン以上５トン未満,0,2013/10/09,81.8,151880,2,2000,1700,1856.7,,
閖上,アカガイ,生鮮,小型底曳網・桁あみ,動力船３トン以上５トン未満,0,2013/10/09,15.2,12160,2,800,800,800,,
閖上,コチ,生鮮,小型底曳網・桁あみ,動力船３トン以上５トン未満,0,2013/10/09,3,450,1,150,150,150,,
閖上,ひらめ,生鮮,小型底曳網・桁あみ,動力船３トン以上５トン未満,0,2013/10/09,19,15200,1,800,800,800,,
閖上,マコガレイ,生鮮,小型底曳網・桁あみ,動力船３トン以上５トン未満,0,2013/10/15,1.9,570,1,300,300,300,,
閖上,アカシタビラメ,生鮮,小型底曳網・桁あみ,動力船３トン以上５トン未満,0,2013/10/15,52.5,17302,8,360,300,329.6,,
閖上,アカガイ,生鮮,小型底曳網・桁あみ,動力船３トン以上５トン未満,0,2013/10/15,130.5,353052,9,2810,1810,2705.4,,
閖上,アカガイ,生鮮,小型底曳網・桁あみ,動力船３トン以上５トン未満,0,2013/10/15,445.4,1028805,9,3000,1800,2309.8,,
閖上,アカガイ,生鮮,小型底曳網・桁あみ,動力船３トン以上５トン未満,0,2013/10/15,511.9,753664,9,2010,1239,1472.3,,
閖上,アカガイ,生鮮,小型底曳網・桁あみ,動力船３トン以上５トン未満,0,2013/10/15,50.7,42825,9,1000,800,844.7,,
閖上,その他の巻き貝,生鮮,小型底曳網・桁あみ,動力船３トン以上５トン未満,0,2013/10/15,8.3,5367,3,650,610,646.6,,
閖上,コタマガイ,生鮮,小型底曳網・桁あみ,動力船３トン以上５トン未満,0,2013/10/15,79,66207,2,840,831,838.1,,
閖上,ガザミ,生鮮,小型底曳網・桁あみ,動力船３トン以上５トン未満,0,2013/10/15,108.3,12343,8,300,80,114,,
閖上,コチ,生鮮,小型底曳網・桁あみ,動力船３トン以上５トン未満,0,2013/10/15,1,150,1,150,150,150,,
閖上,ひらめ,生鮮,小型底曳網・桁あみ,動力船３トン以上５トン未満,0,2013/10/15,36.5,21150,5,700,300,579.5,,
閖上,マコガレイ,生鮮,小型底曳網・桁あみ,動力船３トン以上５トン未満,0,2013/11/05,6.8,2110,2,350,200,310.3,,
閖上,アカシタビラメ,生鮮,小型底曳網・桁あみ,動力船３トン以上５トン未満,0,2013/11/05,13.1,3677,4,310,270,280.7,,
閖上,アカガイ,生鮮,小型底曳網・桁あみ,動力船３トン以上５トン未満,0,2013/11/05,150.9,351988,9,2410,2000,2332.6,,
閖上,アカガイ,生鮮,小型底曳網・桁あみ,動力船３トン以上５トン未満,0,2013/11/05,211.6,416956,9,2100,1800,1970.5,,
閖上,アカガイ,生鮮,小型底曳網・桁あみ,動力船３トン以上５トン未満,0,2013/11/05,795.4,787331,9,1700,721,989.9,,
閖上,アカガイ,生鮮,小型底曳網・桁あみ,動力船３トン以上５トン未満,0,2013/11/05,42.2,29673,9,710,700,703.2,,
閖上,その他の巻き貝,生鮮,小型底曳網・桁あみ,動力船３トン以上５トン未満,0,2013/11/05,13.5,10466,7,789,750,775.3,,
閖上,コタマガイ,生鮮,小型底曳網・桁あみ,動力船３トン以上５トン未満,0,2013/11/05,122,89340,2,750,702,732.3,,
閖上,ガザミ,生鮮,小型底曳網・桁あみ,動力船３トン以上５トン未満,0,2013/11/05,132.7,15870,7,300,100,119.6,,
閖上,コチ,生鮮,小型底曳網・桁あみ,動力船３トン以上５トン未満,0,2013/11/05,5,750,1,150,150,150,,
閖上,ひらめ,生鮮,小型底曳網・桁あみ,動力船３トン以上５トン未満,0,2013/11/05,19.4,12892,4,700,431,664.5,,
閖上,アカガイ,生鮮,小型底曳網・桁あみ,動力船３トン以上５トン未満,0,2013/11/07,13.9,33360,2,2400,2400,2400,,
閖上,アカガイ,生鮮,小型底曳網・桁あみ,動力船３トン以上５トン未満,0,2013/11/07,28.3,55080,2,2100,1800,1946.3,,
閖上,アカガイ,生鮮,小型底曳網・桁あみ,動力船３トン以上５トン未満,0,2013/11/07,51.8,57825,2,1500,750,1116.3,,
閖上,アカガイ,生鮮,小型底曳網・桁あみ,動力船３トン以上５トン未満,0,2013/11/07,5,3500,2,700,700,700,,
閖上,その他の巻き貝,生鮮,小型底曳網・桁あみ,動力船３トン以上５トン未満,0,2013/11/07,5.5,3850,2,700,700,700,,
閖上,コタマガイ,生鮮,小型底曳網・桁あみ,動力船３トン以上５トン未満,0,2013/11/07,40,20000,1,500,500,500,,
閖上,ガザミ,生鮮,小型底曳網・桁あみ,動力船３トン以上５トン未満,0,2013/11/07,7.5,2250,2,300,300,300,,
閖上,コチ,生鮮,小型底曳網・桁あみ,動力船３トン以上５トン未満,0,2013/11/07,1.3,325,1,250,250,250,,
閖上,ひらめ,生鮮,小型底曳網・桁あみ,動力船３トン以上５トン未満,0,2013/11/07,4.5,3600,1,800,800,800,,
閖上,ヒラメ累計,生鮮,小型底曳網・桁あみ,動力船３トン以上５トン未満,0,2013/10/04,12.1,6760,4,600,350,559,,
閖上,アカシタビラメ,生鮮,小型底曳網・桁あみ,動力船３トン以上５トン未満,0,2013/10/29,17,5760,7,360,280,338.8,,
閖上,アカガイ,生鮮,小型底曳網・桁あみ,動力船３トン以上５トン未満,0,2013/10/29,128.4,347149,9,3200,2000,2703.7,,
閖上,アカガイ,生鮮,小型底曳網・桁あみ,動力船３トン以上５トン未満,0,2013/10/29,163.9,336086,9,2400,1800,2050.6,,
閖上,アカガイ,生鮮,小型底曳網・桁あみ,動力船３トン以上５トン未満,0,2013/10/29,341.3,452583,9,1610,1139,1326.1,,
閖上,アカガイ,生鮮,小型底曳網・桁あみ,動力船３トン以上５トン未満,0,2013/10/29,24,21769,9,1000,869,907,,
閖上,その他の巻き貝,生鮮,小型底曳網・桁あみ,動力船３トン以上５トン未満,0,2013/10/29,4.1,2911,3,710,710,710,,
閖上,コタマガイ,生鮮,小型底曳網・桁あみ,動力船３トン以上５トン未満,0,2013/10/29,42,38052,2,906,906,906,,
閖上,ガザミ,生鮮,小型底曳網・桁あみ,動力船３トン以上５トン未満,0,2013/10/29,33.1,5010,6,300,100,151.4,,
閖上,ひらめ,生鮮,小型底曳網・桁あみ,動力船３トン以上５トン未満,0,2013/10/29,25.7,18730,7,800,650,728.8,,
閖上,ヒラメ累計,生鮮,小型底曳網・桁あみ,動力船３トン以上５トン未満,0,2013/10/15,36.5,21150,5,700,300,580,,
閖上,ヒラメ累計,生鮮,小型底曳網・桁あみ,動力船３トン以上５トン未満,0,2013/10/09,19,15200,1,800,800,800,,
閖上,アカシタビラメ,生鮮,小型底曳網・桁あみ,動力船３トン以上５トン未満,0,2013/10/04,22.3,7673,7,345,340,344.1,,
閖上,アカガイ,生鮮,小型底曳網・桁あみ,動力船３トン以上５トン未満,0,2013/10/04,62.5,169922,9,3000,1500,2718.8,,
閖上,アカガイ,生鮮,小型底曳網・桁あみ,動力船３トン以上５トン未満,0,2013/10/04,366.1,723192,9,2439,1500,1975.4,,
閖上,アカガイ,生鮮,小型底曳網・桁あみ,動力船３トン以上５トン未満,0,2013/10/04,120,123103,9,1700,810,1025.9,,
閖上,アカガイ,生鮮,小型底曳網・桁あみ,動力船３トン以上５トン未満,0,2013/10/04,49.9,30116,9,610,600,603.5,,
閖上,その他の巻き貝,生鮮,小型底曳網・桁あみ,動力船３トン以上５トン未満,0,2013/10/04,20,7450,7,500,350,372.5,,
閖上,ガザミ,生鮮,小型底曳網・桁あみ,動力船３トン以上５トン未満,0,2013/10/04,12.9,2562,4,300,180,198.6,,
閖上,コチ,生鮮,小型底曳網・桁あみ,動力船３トン以上５トン未満,0,2013/10/04,1,200,1,200,200,200,,
閖上,ひらめ,生鮮,小型底曳網・桁あみ,動力船３トン以上５トン未満,0,2013/10/04,12.1,6760,4,600,350,558.7,,
閖上,アカシタビラメ,生鮮,小型底曳網・桁あみ,動力船３トン以上５トン未満,0,2013/10/22,22,7700,2,350,350,350,,
閖上,アカガイ,生鮮,小型底曳網・桁あみ,動力船３トン以上５トン未満,0,2013/10/22,20,54000,2,2700,2700,2700,,
閖上,アカガイ,生鮮,小型底曳網・桁あみ,動力船３トン以上５トン未満,0,2013/10/22,55.3,124920,2,2400,2100,2259,,
閖上,アカガイ,生鮮,小型底曳網・桁あみ,動力船３トン以上５トン未満,0,2013/10/22,59.2,96700,2,2000,1300,1633.4,,
閖上,アカガイ,生鮮,小型底曳網・桁あみ,動力船３トン以上５トン未満,0,2013/10/22,4.5,3600,2,800,800,800,,
閖上,ガザミ,生鮮,小型底曳網・桁あみ,動力船３トン以上５トン未満,0,2013/10/22,8,2400,2,300,300,300,,
閖上,ひらめ,生鮮,小型底曳網・桁あみ,動力船３トン以上５トン未満,0,2013/10/22,1.2,960,1,800,800,800,,
閖上,アカガイ,生鮮,小型底曳網・桁あみ,動力船３トン以上５トン未満,0,2013/10/11,177.1,492212,8,3099,2369,2779.3,,
閖上,アカガイ,生鮮,小型底曳網・桁あみ,動力船３トン以上５トン未満,0,2013/10/11,213.6,329476,8,2389,1329,1542.5,,
閖上,アカガイ,生鮮,小型底曳網・桁あみ,動力船３トン以上５トン未満,0,2013/10/11,4.3,3776,3,1000,869,878.1,,
閖上,その他の巻き貝,生鮮,小型底曳網・桁あみ,動力船３トン以上５トン未満,0,2013/10/11,2.1,1470,1,700,700,700,,
閖上,コタマガイ,生鮮,小型底曳網・桁あみ,動力船３トン以上５トン未満,0,2013/10/11,17,14161,1,833,833,833,,
閖上,ガザミ,生鮮,小型底曳網・桁あみ,動力船３トン以上５トン未満,0,2013/10/11,23.6,4248,3,180,180,180,,
閖上,ひらめ,生鮮,小型底曳網・桁あみ,動力船３トン以上５トン未満,0,2013/10/11,2.1,1640,1,781,781,781,,
閖上,ヒラメ累計,生鮮,小型底曳網・桁あみ,動力船３トン以上５トン未満,0,2013/10/18,19.8,12780,3,700,600,646,,
閖上,アカシタビラメ,生鮮,小型底曳網・桁あみ,動力船３トン以上５トン未満,0,2013/10/11,7.6,2744,5,361,361,361.1,,
閖上,アカガイ,生鮮,小型底曳網・桁あみ,動力船３トン以上５トン未満,0,2013/10/11,8.6,22469,8,2639,2100,2612.7,,
閖上,ヒラメ累計,生鮮,小型底曳網・桁あみ,動力船３トン以上５トン未満,0,2013/10/11,2.1,1640,1,781,781,781,,
閖上,ヒラメ累計,生鮮,小型底曳網・桁あみ,動力船３トン以上５トン未満,0,2013/10/07,33.3,19920,5,600,550,598,,
閖上,アカシタビラメ,生鮮,小型底曳網・桁あみ,動力船３トン以上５トン未満,0,2013/10/07,93.9,32283,9,350,300,343.8,,
閖上,アカガイ,生鮮,小型底曳網・桁あみ,動力船３トン以上５トン未満,0,2013/10/07,131.6,293985,10,2450,1210,2233.9,,
閖上,アカガイ,生鮮,小型底曳網・桁あみ,動力船３トン以上５トン未満,0,2013/10/07,522.8,1030559,10,2299,1500,1971.2,,
閖上,アカガイ,生鮮,小型底曳網・桁あみ,動力船３トン以上５トン未満,0,2013/10/07,305.3,317491,10,1799,660,1039.9,,
閖上,アカガイ,生鮮,小型底曳網・桁あみ,動力船３トン以上５トン未満,0,2013/10/07,38.2,25166,9,700,600,658.8,,
閖上,その他の巻き貝,生鮮,小型底曳網・桁あみ,動力船３トン以上５トン未満,0,2013/10/07,23.5,11750,7,500,500,500,,
閖上,コタマガイ,生鮮,小型底曳網・桁あみ,動力船３トン以上５トン未満,0,2013/10/07,33,26730,1,810,810,810,,
閖上,にべ・ぐち(いしもち),生鮮,小型底曳網・桁あみ,動力船３トン以上５トン未満,0,2013/10/07,3,450,1,150,150,150,,
閖上,ガザミ,生鮮,小型底曳網・桁あみ,動力船３トン以上５トン未満,0,2013/10/07,69.5,10425,6,150,150,150,,
閖上,コチ,生鮮,小型底曳網・桁あみ,動力船３トン以上５トン未満,0,2013/10/07,9.9,1485,2,150,150,150,,
閖上,ひらめ,生鮮,小型底曳網・桁あみ,動力船３トン以上５トン未満,0,2013/10/07,33.3,19920,5,600,550,598.2,,
閖上,アカシタビラメ,生鮮,小型底曳網・桁あみ,動力船３トン以上５トン未満,0,2013/09/27,12,4080,5,340,340,340,,
閖上,アカガイ,生鮮,小型底曳網・桁あみ,動力船３トン以上５トン未満,0,2013/09/27,3,9326,5,3109,3108,3108.7,,
閖上,アカガイ,生鮮,小型底曳網・桁あみ,動力船３トン以上５トン未満,0,2013/09/27,330.7,657510,8,3108,1869,1988.2,,
閖上,アカガイ,生鮮,小型底曳網・桁あみ,動力船３トン以上５トン未満,0,2013/09/27,245.5,377515,8,1800,150,1537.7,,
閖上,アカガイ,生鮮,小型底曳網・桁あみ,動力船３トン以上５トン未満,0,2013/09/27,78,46800,8,600,600,600,,
閖上,その他の巻き貝,生鮮,小型底曳網・桁あみ,動力船３トン以上５トン未満,0,2013/09/27,23.8,11900,6,500,500,500,,
閖上,アカシタビラメ,生鮮,小型底曳網・桁あみ,動力船３トン以上５トン未満,0,2013/10/03,23.6,8096,8,343,343,343.1,,
閖上,アカガイ,生鮮,小型底曳網・桁あみ,動力船３トン以上５トン未満,0,2013/10/03,29.5,82499,10,2900,2350,2796.6,,
閖上,アカガイ,生鮮,小型底曳網・桁あみ,動力船３トン以上５トン未満,0,2013/10/03,384.5,779204,10,3019,1500,2026.5,,
閖上,アカガイ,生鮮,小型底曳網・桁あみ,動力船３トン以上５トン未満,0,2013/10/03,196.3,206876,10,1539,886,1053.9,,
閖上,アカガイ,生鮮,小型底曳網・桁あみ,動力船３トン以上５トン未満,0,2013/10/03,45.4,27240,10,600,600,600,,
閖上,その他の巻き貝,生鮮,小型底曳網・桁あみ,動力船３トン以上５トン未満,0,2013/10/03,18.9,9450,6,500,500,500,,
閖上,ガザミ,生鮮,小型底曳網・桁あみ,動力船３トン以上５トン未満,0,2013/10/03,4.4,660,1,150,150,150,,
閖上,アカシタビラメ,生鮮,小型底曳網・桁あみ,動力船３トン以上５トン未満,0,2013/11/14,8.3,1988,7,280,200,239.5,,
閖上,アカガイ,生鮮,小型底曳網・桁あみ,動力船３トン以上５トン未満,0,2013/11/14,132.4,378654,9,3400,2060,2859.9,,
閖上,アカガイ,生鮮,小型底曳網・桁あみ,動力船３トン以上５トン未満,0,2013/11/14,78.6,207635,9,3100,2089,2641.7,,
閖上,アカガイ,生鮮,小型底曳網・桁あみ,動力船３トン以上５トン未満,0,2013/11/14,61.1,90263,9,2100,1200,1477.3,,
閖上,アカガイ,生鮮,小型底曳網・桁あみ,動力船３トン以上５トン未満,0,2013/11/14,24.9,27727,9,1200,869,1113.5,,
閖上,ヒラメ累計,生鮮,小型底曳網・桁あみ,動力船３トン以上５トン未満,0,2013/09/24,4.4,3130,3,800,650,711,,
閖上,ヒラメ累計,生鮮,小型底曳網・桁あみ,動力船３トン以上５トン未満,0,2013/11/29,5.8,3190,1,550,550,550,,
閖上,ヒラメ累計,生鮮,小型底曳網・桁あみ,動力船３トン以上５トン未満,0,2013/12/05,13,8630,3,800,500,664,,
閖上,ヒラメ累計,生鮮,小型底曳網・桁あみ,動力船３トン以上５トン未満,0,2013/12/06,6.5,5200,2,800,800,800,,
